family_id,ic_fc,ic_fc_p,holm_corrected_ic_fc_p,bh_corrected_ic_fc_p,family_name
PTHR11738,1.185662202400644,0.7342126578734213,1.0,0.900697914895851,MHC CLASS I NK CELL RECEPTOR
PTHR21245,1.0935996405733215,0.2756872431275687,1.0,0.5940443609262537,HETEROGENEOUS NUCLEAR RIBONUCLEOPROTEIN
PTHR11412,1.0320650517469048,0.7889921100788992,1.0,0.9289937175816212,MACROGLOBULIN / COMPLEMENT
PTHR19229,0.8721274576254471,0.25413745862541376,1.0,0.5701708598959856,ATP-BINDING CASSETTE TRANSPORTER SUBFAMILY A  ABCA
PTHR24221,0.901697434008112,0.34340656593434066,1.0,0.668873982901962,ATP-BINDING CASSETTE SUB-FAMILY B
PTHR24223,1.0270585894454476,0.8139118608813912,1.0,0.9330997124811361,ATP-BINDING CASSETTE SUB-FAMILY C
PTHR11384,1.0325189165358677,0.7376526234737653,1.0,0.9010639690794979,"ATP-BINDING CASSETTE, SUB-FAMILY D MEMBER"
PTHR10794,1.1327761163532315,0.15844841551584485,1.0,0.41493347608329934,ABHYDROLASE DOMAIN-CONTAINING PROTEIN
PTHR12277,1.1971684357091097,0.060949390506094936,1.0,0.23380597924789984,ALPHA/BETA HYDROLASE DOMAIN-CONTAINING PROTEIN
PTHR24418,0.9630000529972325,0.7187628123718763,1.0,0.8990276071680178,TYROSINE-PROTEIN KINASE
PTHR24213,0.9590339339021151,0.7067429325706743,1.0,0.8911106541108502,ACTIN-BINDING LIM PROTEIN
PTHR18919,1.5671443047550757,9.99990000099999e-06,0.007829921700782993,0.000489370106298937,ACETYL-COA C-ACYLTRANSFERASE
PTHR48083,1.008259566844353,0.961880381196188,1.0,0.9883888956386027,"MEDIUM-CHAIN SPECIFIC ACYL-COA DEHYDROGENASE, MITOCHONDRIAL-RELATED"
PTHR43884,1.127520854532144,0.18779812201877982,1.0,0.4600568369316307,ACYL-COA DEHYDROGENASE
PTHR22804,1.39129951181638,1.999980000199998e-05,0.015339846601533987,0.0007829921700782993,AGGRECAN/VERSICAN PROTEOGLYCAN
PTHR23310,1.0169209259854817,0.8716412835871641,1.0,0.9557629911166069,"ACYL-COA-BINDING PROTEIN, ACBP"
PTHR11559,1.0974650021517125,0.32552674473255266,1.0,0.6569263946535793,CARBOXYLESTERASE
PTHR10489,0.8051892780781917,0.06307936920630794,1.0,0.23519593375494818,CELL ADHESION MOLECULE
PTHR10824,0.8845233861893883,0.08495915040849591,1.0,0.2783389739324364,ACYL-COENZYME A THIOESTERASE-RELATED
PTHR10909,1.022454664007345,0.8896911030889691,1.0,0.9621935548600316,ELECTRON TRANSPORT OXIDOREDUCTASE
PTHR11567,1.1387287281526708,0.17610823891761082,1.0,0.442767014637546,ACID PHOSPHATASE-RELATED
PTHR43272,1.0295552164474016,0.7843021569784302,1.0,0.9250392134632871,LONG-CHAIN-FATTY-ACID--COA LIGASE
PTHR11937,1.0046560501202275,0.973360266397336,1.0,0.989793621544304,ACTIN
PTHR11915,1.2078203811513395,0.03258967410325897,1.0,0.1565503976862072,SPECTRIN/FILAMIN RELATED CYTOSKELETAL PROTEIN
PTHR23255,1.0419143300359732,0.7122528774712253,1.0,0.8937403895191819,TRANSFORMING GROWTH FACTOR-BETA RECEPTOR TYPE I AND II
PTHR11905,1.1533824429138095,0.13613863861361386,1.0,0.38482510481754384,ADAM  A DISINTEGRIN AND METALLOPROTEASE DOMAIN
PTHR13723,1.014607826877216,0.9286107138928611,1.0,0.9768614512246299,ADAMTS  A DISINTEGRIN AND METALLOPROTEASE WITH THROMBOSPONDIN MOTIFS  PROTEASE
PTHR45627,1.0029200359867352,0.967490325096749,1.0,0.989793621544304,ADENYLATE CYCLASE TYPE 1
PTHR45620,1.018308183833034,0.9018209817901821,1.0,0.9659111048725801,PDF RECEPTOR-LIKE PROTEIN-RELATED
PTHR12011,1.0574189833944747,0.6176738232617673,1.0,0.8430623506264938,ADHESION G-PROTEIN COUPLED RECEPTOR
PTHR15427,1.1539305572560534,0.17642823571764282,1.0,0.442767014637546,EMILIN  ELASTIN MICROFIBRIL INTERFACE-LOCATED PROTEIN   ELASTIN MICROFIBRIL INTERFACER
PTHR20855,1.1023288950416992,0.3233467665323347,1.0,0.6559080782249173,ADIPOR/PROGESTIN RECEPTOR-RELATED
PTHR22957,0.8323832989116565,0.2126078739212608,1.0,0.503859009748271,TBC1 DOMAIN FAMILY MEMBER GTPASE-ACTIVATING PROTEIN
PTHR24248,0.9161810103774168,0.6435035649643503,1.0,0.8583701726866888,ADRENERGIC RECEPTOR-RELATED G-PROTEIN COUPLED RECEPTOR
PTHR11532,1.0791290950270451,0.4234457655423446,1.0,0.7367055532984494,PROTEASE M14 CARBOXYPEPTIDASE
PTHR12801,0.9270442473101743,0.40410595894041057,1.0,0.7185240392494034,RNA EXONUCLEASE REXO1 / RECO3 FAMILY MEMBER-RELATED
PTHR10528,1.198887453777287,0.015949840501594984,1.0,0.09756816494335056,AF4/FMR2 FAMILY MEMBER
PTHR45819,0.9863170191475892,0.8570714292857071,1.0,0.9492035772711579,CENTAURIN-GAMMA-1A
PTHR12756,1.0538548194501172,0.5412145878541215,1.0,0.8056483313493861,CYTOSOLIC CARBOXYPEPTIDASE
PTHR11973,0.9474959781282223,0.4943850561494385,1.0,0.783610321791519,CELL SURFACE GLYCOPROTEIN MUC18-RELATED
PTHR12358,1.0582043481920589,0.6168738312616874,1.0,0.8430623506264938,SPHINGOSINE KINASE
PTHR22891,1.0229136392925726,0.8980710192898071,1.0,0.9659111048725801,EUKARYOTIC TRANSLATION INITIATION FACTOR 2C
PTHR10983,0.9735053065082061,0.7449525504744953,1.0,0.9049932756486389,1-ACYLGLYCEROL-3-PHOSPHATE ACYLTRANSFERASE-RELATED
PTHR10574,1.2174318793930319,0.05178948210517895,1.0,0.2079546896838724,NETRIN/LAMININ-RELATED
PTHR11461,1.1121314447111248,0.23570764292357077,1.0,0.5415734112453597,"SERINE PROTEASE INHIBITOR, SERPIN"
PTHR13857,0.8961133313547962,0.2948870511294887,1.0,0.6157241627583724,MRNA EDITING ENZYME
PTHR23359,1.0489662350638667,0.6113438865611344,1.0,0.8430623506264938,NUCLEOTIDE KINASE
PTHR22948,0.9957779464758517,0.9301106988930111,1.0,0.9768614512246299,TUDOR DOMAIN CONTAINING PROTEIN
PTHR13944,1.2298612174400083,0.024519754802451974,1.0,0.13149978089260203,AGAP007712-PA
PTHR14514,0.853208776845639,0.08835911640883591,1.0,0.28471270842847124,PKA ANCHORING PROTEIN
PTHR11732,1.224585299888438,0.013369866301336986,1.0,0.0894752590935629,ALDO/KETO REDUCTASE
PTHR24356,0.9238181229959745,0.4621953780462195,1.0,0.7588129779079567,SERINE/THREONINE-PROTEIN KINASE
PTHR24068,1.5913746820671006,1.999980000199998e-05,0.015339846601533987,0.0007829921700782993,UBIQUITIN-CONJUGATING ENZYME E2
PTHR13693,1.1529988423869793,0.17767822321776783,1.0,0.44447938907192397,CLASS II AMINOTRANSFERASE/8-AMINO-7-OXONONANOATE SYNTHASE
PTHR11699,1.1963312562336186,0.06286937130628693,1.0,0.23519593375494818,ALDEHYDE DEHYDROGENASE-RELATED
PTHR22760,1.0670969944534312,0.5871341286587134,1.0,0.8311306417621743,GLYCOSYLTRANSFERASE
PTHR24416,1.0803969863455976,0.4891651083489165,1.0,0.7769092897306321,TYROSINE-PROTEIN KINASE RECEPTOR
PTHR10250,1.1049880663497318,0.10609893901060989,1.0,0.32325085309458185,MICROSOMAL GLUTATHIONE S-TRANSFERASE
PTHR22923,0.9165594280665098,0.37683623163768365,1.0,0.6974328144042503,CEREBELLIN-RELATED
PTHR13318,0.9373608817732644,0.5242147578524214,1.0,0.7989712918404798,UNCHARACTERIZED
PTHR12558,1.274348852624188,0.01147988520114799,1.0,0.08171591011362614,"CELL DIVISION CYCLE 16,23,27"
PTHR11437,1.0761889985312123,0.5073549264507355,1.0,0.7945891714045085,RIBONUCLEASE
PTHR12121,1.062929376878717,0.5482045179548205,1.0,0.8114255908480614,CARBON CATABOLITE REPRESSOR PROTEIN 4
PTHR19143,1.1146400137911672,0.25628743712562874,1.0,0.5713395991040089,FIBRINOGEN/TENASCIN/ANGIOPOEITIN
PTHR24133,0.9556619640780034,0.5761942380576194,1.0,0.8278166759616807,FAMILY NOT NAMED
PTHR24118,0.9833055412791555,0.8212117878821211,1.0,0.9330997124811361,POTE ANKYRIN DOMAIN
PTHR11685,1.2276258675057086,0.043049569504304955,1.0,0.18623101061807062,RBR FAMILY  RING FINGER AND IBR DOMAIN-CONTAINING
PTHR24124,1.1473301576250359,0.10222897771022289,1.0,0.315138935224821,ANKYRIN REPEAT FAMILY A
PTHR12447,0.9260755888924557,0.42497575024249756,1.0,0.7367055532984494,UNCHARACTERIZED WITH ANKYRIN REPEAT DOMAIN
PTHR24173,1.1070853604869169,0.33390666093339066,1.0,0.6609165726524552,FAMILY NOT NAMED
PTHR24147,0.8790035305718499,0.16995830041699583,1.0,0.43489329812584226,ANKYRIN REPEAT DOMAIN 36-RELATED
PTHR24123,0.9263499641398723,0.4622653773462265,1.0,0.7588129779079567,ANKYRIN REPEAT-CONTAINING
PTHR24161,0.9656700060250667,0.6819431805681944,1.0,0.8782261683962109,FAMILY NOT NAMED
PTHR24201,1.2076264530769738,0.01952980470195298,1.0,0.11201931776302675,FAMILY NOT NAMED
PTHR24166,0.8291886620081689,0.11162888371116289,1.0,0.33259371951735023,"ROLLING PEBBLES, ISOFORM B"
PTHR12308,0.9882152475237679,0.8817511824881751,1.0,0.9581608760888812,NGEP-RELATED
PTHR11533,1.09808437643652,0.35506644933550663,1.0,0.6759706010688078,PROTEASE M1 ZINC METALLOPROTEASE
PTHR10502,1.442419338957428,9.99990000099999e-05,0.07559924400755992,0.002699973000269997,ANNEXIN
PTHR11134,1.160282459701782,0.14558854411455885,1.0,0.393710062899371,ADAPTOR COMPLEX SUBUNIT BETA FAMILY MEMBER
PTHR22780,1.0946048523559662,0.3246567534324657,1.0,0.6568636639215003,"ADAPTIN, ALPHA/GAMMA/EPSILON"
PTHR10529,1.1006436314742947,0.3089169108308917,1.0,0.633078812815005,AP COMPLEX SUBUNIT MU
PTHR11753,0.9504190047887076,0.5811041889581104,1.0,0.8303003283835776,ADAPTOR COMPLEXES SMALL SUBUNIT FAMILY
PTHR12345,1.0707220495152545,0.4234557654423456,1.0,0.7367055532984494,SYNTENIN RELATED
PTHR14096,0.865374237183086,0.2729172708272917,1.0,0.5919507563927131,APOLIPOPROTEIN L
PTHR19139,1.0073357608331113,0.9333306666933331,1.0,0.978310457859277,AQUAPORIN TRANSPORTER
PTHR10887,0.9600254123844194,0.6638133618663813,1.0,0.864835045493139,DNA2/NAM7 HELICASE FAMILY
PTHR48092,1.090314930322997,0.3294067059329407,1.0,0.660617102268875,KNIRPS-RELATED PROTEIN-RELATED
PTHR44329,1.0814232393996597,0.4145158548414516,1.0,0.729361605260352,SERINE/THREONINE-PROTEIN KINASE TNNI3K-RELATED
PTHR10740,0.9801921005810544,0.8095519044809552,1.0,0.9330997124811361,TRANSFORMING GROWTH FACTOR ALPHA
PTHR11254,1.0179310563551638,0.9491405085949141,1.0,0.9843404214964473,HECT DOMAIN UBIQUITIN-PROTEIN LIGASE
PTHR11711,1.263396067572842,0.011689883101168988,1.0,0.08246106728121907,ADP RIBOSYLATION FACTOR-RELATED
PTHR10663,0.8690538075490847,0.22546774532254676,1.0,0.5207706330016346,GUANYL-NUCLEOTIDE EXCHANGE FACTOR
PTHR45793,1.0473809680850685,0.4294457055429446,1.0,0.7377812406086465,HOMEOBOX PROTEIN
PTHR12552,0.9397675425798363,0.4840951590484095,1.0,0.7738705505001976,OLIGOPHRENIN 1
PTHR15228,1.0527392458447111,0.6136438635613644,1.0,0.8430623506264938,SPERMATHECAL PHYSIOLOGY VARIANT
PTHR15729,1.2398940903259161,0.003979960200397996,1.0,0.04155078449215508,CDC42 GTPASE-ACTIVATING PROTEIN
PTHR14166,1.0139555901611847,0.9072409275907241,1.0,0.9660485052758169,SLIT-ROBO RHO GTPASE ACTIVATING PROTEIN
PTHR22826,1.014298450722527,0.904230957690423,1.0,0.9659111048725801,RHO GUANINE EXCHANGE FACTOR-RELATED
PTHR13964,1.058631336981979,0.5319446805531944,1.0,0.8009859324483678,RBP-RELATED
PTHR15712,1.2654587090578409,0.007349926500734993,1.0,0.060578867895531574,ARMADILLO REPEAT CONTAINING PROTEIN
PTHR11188,1.0068476848947379,0.982970170298297,1.0,0.99440005599944,ARRESTIN DOMAIN CONTAINING PROTEIN
PTHR12138,1.190221308914024,0.07322926770732292,1.0,0.2537102505081144,PRIMATE-EXPANDED PROTEIN FAMILY
PTHR42693,1.0915856280352259,0.35291647083529165,1.0,0.6759706010688078,ARYLSULFATASE FAMILY MEMBER
PTHR10372,1.1942248548664944,0.03177968220317797,1.0,0.15552181978180218,PLAKOPHILLIN-RELATED
PTHR22802,1.1194962296986057,0.9033909660903391,1.0,0.9659111048725801,C-TYPE LECTIN SUPERFAMILY MEMBER
PTHR11690,0.722500678949987,0.012579874201257987,1.0,0.08565253477900003,AMILORIDE-SENSITIVE SODIUM CHANNEL-RELATED
PTHR45712,0.9506471698186533,0.5730442695573045,1.0,0.8248045276900172,AGAP008170-PA
PTHR23389,0.9119966025622952,0.35129648703512967,1.0,0.6759706010688078,CHROMOSOME TRANSMISSION FIDELITY FACTOR 18
PTHR12112,1.150093640735921,0.1015489845101549,1.0,0.3149918698441474,BNIP - RELATED
PTHR23351,1.2051425984751845,0.011169888301116988,1.0,0.0802387388970147,FOS TRANSCRIPTION FACTOR-RELATED
PTHR22624,1.0119589721835818,0.9210107898921011,1.0,0.9732138306147303,CYSTEINE PROTEASE ATG4
PTHR10953,1.2929395948892881,0.0072599274007259925,1.0,0.06047365058264311,UBIQUITIN-ACTIVATING ENZYME E1
PTHR10751,1.2716623095779058,0.017919820801791983,1.0,0.10549789238949717,GUANYLATE BINDING PROTEIN
PTHR11139,1.1080963028993625,0.24141758582414174,1.0,0.5497105784756106,ATAXIA TELANGIECTASIA MUTATED  ATM -RELATED
PTHR19290,0.9092407755601815,0.0942890571094289,1.0,0.29649932416338487,BASIC HELIX-LOOP-HELIX PROTEIN NEUROGENIN-RELATED
PTHR24092,0.9294816374576155,0.45232547674523255,1.0,0.7564269580234134,PROBABLE PHOSPHOLIPID-TRANSPORTING ATPASE
PTHR45630,1.0944650356787171,0.3520264797352026,1.0,0.6759706010688078,CATION-TRANSPORTING ATPASE-RELATED
PTHR11523,1.0181641274292885,0.8966910330896691,1.0,0.9657621443042791,SODIUM/POTASSIUM-DEPENDENT ATPASE BETA SUBUNIT
PTHR24093,1.1196468358330394,0.15217847821521785,1.0,0.4052916613691006,CATION TRANSPORTING ATPASE
PTHR11941,1.2625039224880905,0.004199958000419996,1.0,0.04192477062571147,ENOYL-COA HYDRATASE-RELATED
PTHR11977,1.1295900485356751,0.15814841851581485,1.0,0.41493347608329934,VILLIN
PTHR24241,1.1618106906824692,0.5606543934560655,1.0,0.8159709852715601,NEUROPEPTIDE RECEPTOR-RELATED G-PROTEIN COUPLED RECEPTOR
PTHR12317,1.020792982322945,0.6948830511694883,1.0,0.883349467476199,DIACYLGLYCEROL O-ACYLTRANSFERASE
PTHR16675,1.1552596569032283,0.09124908750912492,1.0,0.2916246347740605,MHC CLASS I-RELATED
PTHR19944,0.4850724063288917,0.08414915850841491,1.0,0.2780117768442569,MHC CLASS II-RELATED
PTHR11214,1.1032284992082253,0.3096669033309667,1.0,0.633078812815005,"BETA-1,3-N-ACETYLGLUCOSAMINYLTRANSFERASE"
PTHR10811,1.17168019374369,0.11919880801191989,1.0,0.3496778515360914,FRINGE-RELATED
PTHR12369,1.0517550898546995,0.6245537544624554,1.0,0.8441330586694132,CHONDROITIN SYNTHASE
PTHR19300,1.1187360589978586,0.26045739542604573,1.0,0.5744736355453347,"BETA-1,4-GALACTOSYLTRANSFERASE"
PTHR46105,0.8814410781130743,0.14313856861431384,1.0,0.393710062899371,AGAP004733-PA
PTHR12329,1.1367469394505048,0.16494835051649484,1.0,0.4262526681663877,BCL2-ASSOCIATED ATHANOGENE
PTHR11256,1.24795931427677,0.012019879801201987,1.0,0.08317574718989651,BCL-2 RELATED
PTHR10589,1.0851921848412336,0.3787562124378756,1.0,0.6974328144042503,UBIQUITIN CARBOXYL-TERMINAL HYDROLASE
PTHR45915,1.3706646520600276,0.0006899931000689993,0.5057649423505765,0.010593423477529932,TRANSCRIPTION INTERMEDIARY FACTOR
PTHR11947,1.10590638290636,0.3077869221307787,1.0,0.633078812815005,PYRUVATE DEHYDROGENASE KINASE
PTHR24399,1.1288832129028257,0.24150758492415075,1.0,0.5497105784756106,ZINC FINGER AND BTB DOMAIN-CONTAINING
PTHR43313,1.0924438893922872,0.34043659563404366,1.0,0.6680748230111684,SHORT-CHAIN DEHYDROGENASE/REDUCTASE FAMILY 9C
PTHR19430,0.6831445181878352,0.00021999780002199978,0.16411835881641185,0.004533112563611206,PROTEIN BEX1-RELATED
PTHR23239,0.9841155314344441,0.8054319456805432,1.0,0.9330997124811361,INTERMEDIATE FILAMENT
PTHR23349,0.8042209368550469,0.07875921240787592,1.0,0.2651755885874618,"BASIC HELIX-LOOP-HELIX TRANSCRIPTION FACTOR, TWIST"
PTHR10985,0.9946563216182271,0.9162608373916261,1.0,0.9708149332579746,"BASIC HELIX-LOOP-HELIX TRANSCRIPTION FACTOR, HES-RELATED"
PTHR10044,1.1355872180830027,0.2197578024219758,1.0,0.5136428635713642,INHIBITOR OF APOPTOSIS
PTHR13710,0.8715405182859278,0.1983480165198348,1.0,0.48011436552301145,DNA HELICASE RECQ FAMILY MEMBER
PTHR14098,1.1036514491194855,0.4252757472425276,1.0,0.7367055532984494,SH2 DOMAIN CONTAINING PROTEIN
PTHR45645,1.0303772031858405,0.7947420525794742,1.0,0.9315500118541415,DORSAL-VENTRAL PATTERNING PROTEIN TOLLOID-RELATED-RELATED
PTHR11848,0.9835657730097094,0.8424615753842462,1.0,0.9423534478940925,TGF-BETA FAMILY
PTHR44170,1.3135290346607038,0.004669953300466995,1.0,0.04459235895445923,PROTEIN SIDEKICK
PTHR10410,1.3790766185266758,0.00011999880001199988,0.09035909640903592,0.0028472442548301787,EUKARYOTIC TRANSLATION INITIATION FACTOR 3 -RELATED
PTHR13793,0.9549280638229122,0.6267337326626734,1.0,0.8446342731064944,PHD FINGER PROTEINS
PTHR11472,1.067419689029073,0.5222347776522235,1.0,0.7989712918404798,DNA REPAIR DEAD HELICASE RAD3/XP-D SUBFAMILY MEMBER
PTHR24343,1.1373145571357415,0.25541744582554177,1.0,0.5713395991040089,SERINE/THREONINE KINASE
PTHR10075,1.1132023340857342,0.28312716872831273,1.0,0.6057064839187674,BASIGIN RELATED
PTHR24103,0.9006244075035236,0.3298867011329887,1.0,0.660617102268875,E3 UBIQUITIN-PROTEIN LIGASE TRIM
PTHR24327,0.6928596325147439,0.041779582204177955,1.0,0.1837832183475918,HOMEOBOX PROTEIN
PTHR45774,1.2376314912951571,0.03093969060309397,1.0,0.1523633820265571,BTB/POZ DOMAIN-CONTAINING
PTHR24410,1.1128705021075886,0.16368836311636883,1.0,0.4262234786290011,HL07962P-RELATED
PTHR24100,1.0581057281925184,0.5938140618593815,1.0,0.8356789681654351,BUTYROPHILIN
PTHR15344,1.1254176006376346,0.14394856051439486,1.0,0.393710062899371,CDC42 EFFECTOR PROTEIN  BORG
PTHR11481,1.0419388878050773,0.992370076299237,1.0,0.9968293393989137,IMMUNOGLOBULIN FC RECEPTOR
PTHR16200,0.8750227264299444,0.16585834141658584,1.0,0.4271943464775879,RING ZINC FINGER
PTHR24255,1.2907659714842987,0.0008899911000889991,0.6496935030649693,0.012904870951290486,"COMPLEMENT COMPONENT 1, S SUBCOMPONENT-RELATED"
PTHR24225,1.0661536897057822,0.4168558314416856,1.0,0.7301971275589257,CHEMOTACTIC RECEPTOR
PTHR45656,0.7929082644262208,0.02295977040229598,1.0,0.12750000159572875,PROTEIN CBR-CLEC-78
PTHR12669,1.2140451008681088,0.01822981770182298,1.0,0.10652199448154771,EUKARYOTIC TRANSLATION INITIATION FACTOR 4E-BINDING PROTEIN
PTHR18952,1.206359150415598,0.06431935680643193,1.0,0.2375568697143217,CARBONIC ANHYDRASE
PTHR10037,0.821441848358123,0.17135828641713582,1.0,0.4370473559108057,VOLTAGE-GATED CATION CHANNEL  CALCIUM AND SODIUM
PTHR12107,1.0957974429397006,0.28505714942850574,1.0,0.6066699930826779,VOLTAGE-DEPENDENT CALCIUM CHANNEL GAMMA SUBUNIT
PTHR23050,1.2126391485864771,0.015399846001539985,1.0,0.09569904300956991,CALCIUM BINDING PROTEIN
PTHR10827,1.2436751085903266,0.005789942100578994,1.0,0.05210947890521095,RETICULOCALBIN
PTHR24347,0.5968347845118277,0.0012999870001299987,0.942490575094249,0.017252369849182863,SERINE/THREONINE-PROTEIN KINASE
PTHR24349,1.19312228203247,0.07016929830701693,1.0,0.24748901159637052,SERINE/THREONINE-PROTEIN KINASE
PTHR24346,0.9454748176777721,0.5348046519534805,1.0,0.8022069779302208,MAP/MICROTUBULE AFFINITY-REGULATING KINASE
PTHR10183,1.2780040637916144,0.004379956200437996,1.0,0.042339576604233965,CALPAIN
PTHR11006,1.3306301841356518,0.0007199928000719992,0.5270347296527035,0.010841430047237989,PROTEIN ARGININE N-METHYLTRANSFERASE
PTHR24112,0.9556173771049149,0.47683523164768354,1.0,0.7738705505001976,"LEUCINE-RICH REPEAT, ISOFORM F-RELATED"
PTHR23122,0.9221470306484433,0.4852751472485275,1.0,0.7738705505001976,MEMBRANE-ASSOCIATED GUANYLATE KINASE  MAGUK
PTHR10454,1.0154229081679675,0.9434405655943441,1.0,0.9823323974207067,CASPASE
PTHR19277,0.934140226674419,0.5317246827531724,1.0,0.8009859324483678,PENTRAXIN
PTHR24034,1.120853471296725,0.21817781822181778,1.0,0.51147674152001,EGF-LIKE DOMAIN-CONTAINING PROTEIN
PTHR15715,0.8291558114298407,0.06770932290677094,1.0,0.24489859646858075,CENTROSOMAL PROTEIN OF 170 KDA
PTHR12231,0.9389698662879503,0.4723452765472345,1.0,0.7705132323676763,CTX-RELATED TYPE I TRANSMEMBRANE PROTEIN
PTHR11636,1.100214359903343,0.3981660183398166,1.0,0.7185240392494034,POU DOMAIN
PTHR18947,0.8667201705823855,0.14511854881451186,1.0,0.393710062899371,HOOK PROTEINS
PTHR24412,1.451670349194292,0.0004699953000469995,0.34685653143468564,0.008000137389930448,KELCH PROTEIN
PTHR12015,0.9382615906651668,0.5596644033559665,1.0,0.8159709852715601,SMALL INDUCIBLE CYTOKINE A
PTHR11348,1.0980018608725615,0.09251907480925191,1.0,0.2932892128568593,CONNECTIVE TISSUE GROWTH FACTOR-RELATED
PTHR10177,1.0969643760527594,0.4509154908450915,1.0,0.7564269580234134,CYCLINS
PTHR10026,1.370629243378001,0.0016199838001619985,1.0,0.020134084373441982,CYCLIN
PTHR11353,1.7183376138138553,9.99990000099999e-06,0.007829921700782993,0.000489370106298937,CHAPERONIN
PTHR12207,0.915423654917041,0.3971960280397196,1.0,0.7185240392494034,V-SET AND TRANSMEMBRANE DOMAIN-CONTAINING PROTEIN
PTHR19282,1.451596871361185,0.00015999840001599985,0.11967880321196789,0.003385912086825078,TETRASPANIN
PTHR24373,1.1378857391766208,0.2251077489225108,1.0,0.5207706330016346,SLIT RELATED LEUCINE-RICH REPEAT NEURONAL PROTEIN
PTHR12080,0.9087704814320088,0.35454645453545464,1.0,0.6759706010688078,SIGNALING LYMPHOCYTIC ACTIVATION MOLECULE
PTHR14167,1.2033549913241564,0.03682963170368296,1.0,0.16963295072931622,SH3 DOMAIN-CONTAINING
PTHR11860,0.9591273720624405,0.6399736002639974,1.0,0.8555726046835094,POLYMERIC-IMMUNOGLOBULIN RECEPTOR
PTHR22803,1.034373010194113,0.7225627743722562,1.0,0.8991050847785361,"MANNOSE, PHOSPHOLIPASE, LECTIN RECEPTOR RELATED"
PTHR24270,0.967992545517176,0.7091029089709103,1.0,0.8912160156087043,LOW-DENSITY LIPOPROTEIN RECEPTOR-RELATED
PTHR11506,1.0447997864942444,0.6252837471625283,1.0,0.8441330586694132,LYSOSOME-ASSOCIATED MEMBRANE GLYCOPROTEIN
PTHR23339,1.3260914214631785,0.0017799822001779981,1.0,0.021035610539416997,TYROSINE SPECIFIC PROTEIN PHOSPHATASE AND DUAL SPECIFICITY PROTEIN PHOSPHATASE
PTHR24067,1.3303567063435995,0.000939990600093999,0.6852531474685253,0.01338204799770184,UBIQUITIN-CONJUGATING ENZYME E2
PTHR24072,1.4754650893696843,0.00010999890001099989,0.08293917060829392,0.0028472442548301787,RHO FAMILY GTPASE
PTHR22988,1.0733860180294343,0.4890351096489035,1.0,0.7769092897306321,MYOTONIC DYSTROPHY S/T KINASE-RELATED
PTHR11909,1.1501392325637207,0.15177848221517784,1.0,0.4052916613691006,CASEIN KINASE-RELATED
PTHR24027,1.0087518236136355,0.982410175898241,1.0,0.99440005599944,CADHERIN-23
PTHR24028,1.2915270107479586,0.01726982730172698,1.0,0.10339055700352087,CADHERIN-87A
PTHR24026,0.8396158993958233,0.11213887861121388,1.0,0.33259371951735023,FAT ATYPICAL CADHERIN-RELATED
PTHR24056,1.1763201308017153,0.2117478825211748,1.0,0.503859009748271,CELL DIVISION PROTEIN KINASE
PTHR44337,1.083588776444435,0.6607233927660724,1.0,0.864835045493139,CARCINOEMBRYONIC ANTIGEN-RELATED CELL ADHESION MOLECULE 8
PTHR43903,0.8697682129060949,0.1067589324106759,1.0,0.3235964551551396,NEUROLIGIN
PTHR24012,1.2232552057249284,0.033269667303326964,1.0,0.15884237499088422,RNA BINDING PROTEIN
PTHR19303,0.951808104410335,0.6142838571614284,1.0,0.8430623506264938,TRANSPOSON
PTHR23159,1.0491260185080085,0.6965930340696593,1.0,0.883349467476199,CENTROSOMAL PROTEIN 2
PTHR10337,0.9314402212331104,0.5104448955510444,1.0,0.7945891714045085,SHC TRANSFORMING PROTEIN
PTHR18902,1.0537709005681462,0.5776442235577645,1.0,0.8283799030141568,NUCLEAR MITOTIC APPARATUS PROTEIN 1-RELATED
PTHR45973,1.1335109463417723,0.12568874311256886,1.0,0.36315234633631516,PROTEIN PHOSPHATASE 1 REGULATORY SUBUNIT SDS22-RELATED
PTHR10730,1.6356493487085306,9.99990000099999e-06,0.007829921700782993,0.000489370106298937,"PROCOLLAGEN-LYSINE,2-OXOGLUTARATE 5-DIOXYGENASE/GLYCOSYLTRANSFERASE 25 FAMILY MEMBER"
PTHR12560,1.1405831132954478,0.14127858721412787,1.0,0.393710062899371,LONGEVITY ASSURANCE FACTOR 1  LAG1
PTHR10219,1.191081237587707,0.035589644103558964,1.0,0.16686641516818365,GLYCOLIPID TRANSFER PROTEIN-RELATED
PTHR13720,1.0997050980009695,0.35069649303506967,1.0,0.6759706010688078,WD-40 REPEAT PROTEIN
PTHR24253,0.855522642289351,0.15084849151508484,1.0,0.40450126320654595,TRANSMEMBRANE PROTEASE SERINE
PTHR10656,1.1377374472208697,0.12776872231277686,1.0,0.3678048145989128,CELL FATE DETERMINING PROTEIN MAB21-RELATED
PTHR22589,1.073241864380021,0.45790542094579056,1.0,0.7580125678658648,CARNITINE O-ACYLTRANSFERASE
PTHR45623,1.0558426318137637,0.6610233897661023,1.0,0.864835045493139,CHROMODOMAIN-HELICASE-DNA-BINDING PROTEIN 3-RELATED-RELATED
PTHR22603,1.0093555917409935,0.96330036699633,1.0,0.9885507042701526,CHOLINE/ETHANOALAMINE KINASE
PTHR11787,1.137395668825362,0.09566904330956691,1.0,0.29963544364556355,RAB GDP-DISSOCIATION INHIBITOR
PTHR10476,1.3442333727482454,0.00027999720002799973,0.2083179168208318,0.005347263600534727,CHARGED MULTIVESICULAR BODY PROTEIN
PTHR22761,1.389373839744651,0.0003199968000319997,0.2374376256237438,0.0058269184750012965,CHARGED MULTIVESICULAR BODY PROTEIN
PTHR10252,1.258710676502115,0.004039959600403996,1.0,0.0416222153567938,HISTONE-LIKE TRANSCRIPTION FACTOR CCAAT-RELATED
PTHR18945,0.48474530718988806,0.046629533704662954,1.0,0.19842893962364724,NEUROTRANSMITTER GATED ION CHANNEL
PTHR24247,0.8114454595613717,0.14472855271447285,1.0,0.393710062899371,5-HYDROXYTRYPTAMINE RECEPTOR
PTHR10704,1.4372506180548792,0.00012999870001299986,0.0974990250097499,0.00299379359147585,CARBOHYDRATE SULFOTRANSFERASE
PTHR12137,0.9624813254265336,0.6609133908660914,1.0,0.864835045493139,CARBOHYDRATE SULFOTRANSFERASE
PTHR22969,1.0515732921495848,0.6155138448615514,1.0,0.8430623506264938,IKB KINASE
PTHR24055,1.1419481385255446,0.18121818781812182,1.0,0.4490311425999664,MITOGEN-ACTIVATED PROTEIN KINASE
PTHR48034,1.169803977236656,0.07706922930770692,1.0,0.2635161857988407,TRANSFORMER-2 SEX-DETERMINING PROTEIN-RELATED
PTHR10155,1.3161957265608768,0.005619943800561995,1.0,0.05210947890521095,PHOSPHATIDYLINOSITOL 3-KINASE REGULATORY SUBUNIT
PTHR22776,1.0952146764864545,0.4239257607423926,1.0,0.7367055532984494,MARVEL-CONTAINING POTENTIAL LIPID RAFT-ASSOCIATED PROTEIN
PTHR21567,0.9605566356272445,0.6495035049649504,1.0,0.8605097197758986,CLASP
PTHR11346,0.9694389891511541,0.6403135968640313,1.0,0.8555726046835094,GALECTIN
PTHR12002,1.1266802287764082,0.2685373146268537,1.0,0.5840686593134068,CLAUDIN
PTHR10671,1.027392916895166,0.7914720852791473,1.0,0.9291194044581293,EPITHELIAL MEMBRANE PROTEIN-RELATED
PTHR10334,1.2388166465896437,0.030589694103058968,1.0,0.1523633820265571,CYSTEINE-RICH SECRETORY PROTEIN-RELATED
PTHR12276,1.110074174426434,0.25081749182508173,1.0,0.5676014338122515,EPSIN/ENT-RELATED
PTHR18916,0.9386401291731713,0.4828851711482885,1.0,0.7738705505001976,DYNACTIN 1-RELATED MICROTUBULE-BINDING
PTHR45646,1.144028426223359,0.14366856331436687,1.0,0.393710062899371,SERINE/THREONINE-PROTEIN KINASE DOA-RELATED
PTHR13439,1.1385284423529272,0.21757782422175778,1.0,0.51147674152001,CT120 PROTEIN
PTHR10174,1.024957211280903,0.7783222167778322,1.0,0.922473755595273,ALPHA-TOCOPHEROL TRANSFER PROTEIN-RELATED
PTHR24099,1.0145204658118225,0.9189508104918951,1.0,0.9723493035339916,E3 UBIQUITIN-PROTEIN LIGASE TRIM36-RELATED
PTHR12290,0.9854928610809156,0.8523814761852382,1.0,0.9480322384276157,CORNICHON-RELATED
PTHR12844,0.9786118959820566,0.7740922590774092,1.0,0.9211462596620233,CONNECTOR ENCHANCER OF KINASE SUPPRESSOR OF RAS
PTHR18959,1.7697604751447693,9.99990000099999e-06,0.007829921700782993,0.000489370106298937,CALPONIN/TRANSGELIN
PTHR12064,1.173940733325898,0.043439565604343956,1.0,0.18646338126782666,ANCIENT CONSERVED DOMAIN PROTEIN-RELATED
PTHR22750,1.2698185229291994,0.007559924400755993,1.0,0.06166063339366607,G-PROTEIN COUPLED RECEPTOR
PTHR23036,0.8879179256781872,0.43523564764352357,1.0,0.7424608106860109,CYTOKINE RECEPTOR
PTHR15036,0.873241769861701,0.1986680133198668,1.0,0.48011436552301145,PIKACHURIN-LIKE PROTEIN
PTHR24020,1.0501471886895615,0.6627433725662744,1.0,0.864835045493139,COLLAGEN ALPHA
PTHR24023,1.0943148452780347,0.3996960030399696,1.0,0.7185240392494034,COLLAGEN ALPHA
PTHR16231,1.0388129453118762,0.7164928350716493,1.0,0.8976222237777622,COMM DOMAIN-CONTAINING PROTEIN 4-8 FAMILY MEMBER
PTHR10856,1.1701533785779994,0.07135928640713593,1.0,0.24943893418208676,CORONIN
PTHR10829,1.2416114718156799,0.01034989650103499,1.0,0.07573802766645231,CORTACTIN AND DREBRIN
PTHR11705,1.0327634586489207,0.7502724972750272,1.0,0.9079804719727145,"PROTEASE FAMILY M14 CARBOXYPEPTIDASE A,B"
PTHR12566,1.0201069891831036,0.8297417025829742,1.0,0.9348025224783724,CYTOPLASMIC POLYADENYLATION ELEMENT BINDING PROTEIN  CPEB
PTHR10857,1.4983586384019074,2.999970000299997e-05,0.02288977110228898,0.001067716595561317,COPINE
PTHR11955,1.0216324746190328,0.8477815221847782,1.0,0.9455048123771964,FATTY ACID BINDING PROTEIN
PTHR19969,1.1757063231479206,0.06189938100618994,1.0,0.23380597924789984,SH2-SH3 ADAPTOR PROTEIN-RELATED
PTHR11647,1.302516510217192,0.002109978900210998,1.0,0.024295786453900167,HYDRANTOINASE/DIHYDROPYRIMIDINASE FAMILY MEMBER
PTHR11639,1.2159268859418073,0.0036499635003649964,1.0,0.03914960850391496,S100 CALCIUM-BINDING PROTEIN
PTHR45640,1.1194195289790931,0.0921690783092169,1.0,0.2932892128568593,HEAT SHOCK PROTEIN HSP-12.2-RELATED
PTHR11818,1.0863542801234718,0.33903660963390364,1.0,0.666999159154137,BETA/GAMMA CRYSTALLIN
PTHR10997,1.2658799898864732,0.017429825701742983,1.0,0.10339055700352087,"IMPORTIN-7, 8, 11"
PTHR12957,1.2223421087901465,0.036499635003649965,1.0,0.16910777637785754,DEAD/H BOX POLYPEPTIDE 26/DICE1-RELATED
PTHR24404,0.9627831307154581,0.6955630443695563,1.0,0.883349467476199,ZINC FINGER PROTEIN
PTHR24406,0.9331926125100747,0.43979560204397955,1.0,0.7454187146440224,TRANSCRIPTIONAL REPRESSOR CTCFL-RELATED
PTHR12210,1.1981038045582695,0.032239677603223965,1.0,0.156550101165655,NUCLEAR LIM INTERACTOR-INTERACTING FACTOR-RELATED
PTHR24250,0.9494207235226734,0.5294547054529455,1.0,0.8009859324483678,CHYMOTRYPSIN-RELATED
PTHR12411,1.2607561483786947,0.008399916000839992,1.0,0.06711361457813994,CYSTEINE PROTEASE FAMILY C1-RELATED
PTHR23166,0.9219911883788214,0.33425665743342564,1.0,0.6609165726524552,FILAMIN/GPBP-INTERACTING PROTEIN
PTHR11932,1.225769631156211,0.037699623003769965,1.0,0.17262458954357826,CULLIN
PTHR14002,1.017191316065221,0.9815801841981581,1.0,0.99440005599944,ENDOGLIN/TGF-BETA RECEPTOR TYPE III
PTHR45625,1.320563920383892,0.002899971000289997,1.0,0.03243824704610097,PEPTIDYL-PROLYL CIS-TRANS ISOMERASE-RELATED
PTHR10281,0.9817493230798615,0.8164818351816482,1.0,0.9330997124811361,MEMBRANE-ASSOCIATED PROGESTERONE RECEPTOR COMPONENT-RELATED
PTHR19370,1.1526927867912775,0.14004859951400486,1.0,0.393710062899371,NADH-CYTOCHROME B5 REDUCTASE
PTHR24291,0.7917790640977964,0.04808951910480895,1.0,0.20353564031927246,CYTOCHROME P450 FAMILY 4
PTHR24300,0.9759261703034086,0.8207917920820792,1.0,0.9330997124811361,CYTOCHROME P450 508A4-RELATED
PTHR24230,1.0919228398296466,0.39397606023939763,1.0,0.7164105853141005,G-PROTEIN COUPLED RECEPTOR
PTHR11232,0.8006448451785783,0.061999380006199936,1.0,0.23380597924789984,PHOSPHOTYROSINE INTERACTION DOMAIN-CONTAINING FAMILY MEMBER
PTHR10194,0.9328998445270718,0.5083449165508345,1.0,0.7945891714045085,RAS GTPASE-ACTIVATING PROTEINS
PTHR24342,1.0639162354711729,0.5467345326546734,1.0,0.8114255908480614,SERINE/THREONINE-PROTEIN KINASE 17
PTHR15574,0.9884538530171645,0.8673513264867352,1.0,0.9545476214242066,WD REPEAT DOMAIN-CONTAINING FAMILY
PTHR46806,1.3011150776430962,0.0015999840001599984,1.0,0.020134084373441982,FAMILY NOT NAMED
PTHR10513,1.3026145193708238,0.0015799842001579985,1.0,0.020134084373441982,DEOXYNUCLEOSIDE KINASE
PTHR12281,0.958674674105612,0.6283737162628373,1.0,0.8453893811577347,RP42 RELATED
PTHR24031,1.2620787784316858,0.03959960400395996,1.0,0.17819821801781982,RNA HELICASE
PTHR47958,1.752830923664774,9.99990000099999e-06,0.007829921700782993,0.000489370106298937,ATP-DEPENDENT RNA HELICASE DBP3
PTHR15288,0.9677860362090578,0.6920530794692054,1.0,0.8825367446651267,SUPPRESSION OF TUMORIGENICITY 5  ST5
PTHR12296,1.0022940133022253,0.990810091899081,1.0,0.9968293393989137,C-MYC PROMOTER BINDING PROTEIN
PTHR22829,1.0504893728211135,0.6089839101608984,1.0,0.8430623506264938,DEP DOMAIN PROTEIN
PTHR11009,1.130840897083624,0.07875921240787592,1.0,0.2651755885874618,"DER1-LIKE PROTEIN, DERLIN"
PTHR45652,0.8151884920790732,0.014469855301446986,1.0,0.0921129813092113,GLIAL FIBRILLARY ACIDIC PROTEIN
PTHR11255,1.0909582917034488,0.42966570334296655,1.0,0.7377812406086465,DIACYLGLYCEROL KINASE
PTHR24322,1.0328426689399208,0.7844521554784453,1.0,0.9250392134632871,PKSB
PTHR24320,1.1958521687808918,0.05143948560514395,1.0,0.2079546896838724,RETINOL DEHYDROGENASE
PTHR18934,1.639427742006664,3.999960000399996e-05,0.03043969560304397,0.0012046033385819989,ATP-DEPENDENT RNA HELICASE
PTHR45691,0.8401800564188688,0.06210937890621094,1.0,0.23380597924789984,PROTEIN DIAPHANOUS
PTHR11477,1.2238689159373863,0.027089729102708973,1.0,0.14331931005014276,TRANSCRIPTION FACTOR S-II ZINC FINGER DOMAIN-CONTAINING PROTEIN
PTHR24070,1.3745986531861292,0.0007599924000759993,0.5555544444555555,0.011227812250179384,"RAS, DI-RAS, AND RHEB FAMILY MEMBERS OF SMALL GTPASE SUPERFAMILY"
PTHR10878,1.1100844047150555,0.24512754872451276,1.0,0.5563329584095463,SEGMENT POLARITY PROTEIN DISHEVELLED
PTHR23119,0.9979570991946274,0.9456405435945641,1.0,0.9827797875867396,DISCS LARGE
PTHR12353,0.7891955855956712,0.01844981550184498,1.0,0.10700892991070088,DISKS LARGE-ASSOCIATED PROTEIN  DAP   SAP90/PSD-95-ASSOCIATED PROTEIN
PTHR24044,0.8815629607174071,0.1995780042199578,1.0,0.48082946862839065,NOTCH LIGAND FAMILY MEMBER
PTHR13847,0.9890742824776845,0.8764212357876421,1.0,0.9557629911166069,SARCOSINE DEHYDROGENASE-RELATED
PTHR10676,0.9609350974853414,0.6555434445655544,1.0,0.864835045493139,DYNEIN HEAVY CHAIN FAMILY PROTEIN
PTHR12442,0.8302561265532568,0.06824931750682493,1.0,0.24489859646858075,DYNEIN INTERMEDIATE CHAIN
PTHR24078,1.0446338416454009,0.6034539654603454,1.0,0.8430623506264938,DNAJ HOMOLOG SUBFAMILY C MEMBER
PTHR24073,2.144079536984994,9.99990000099999e-06,0.007829921700782993,0.000489370106298937,DRAB5-RELATED
PTHR15454,0.9495958952229104,0.5860441395586045,1.0,0.8311306417621743,NISCHARIN RELATED
PTHR11566,1.0596449333234392,0.5212947870521295,1.0,0.7989712918404798,DYNAMIN
PTHR23068,0.9153022170841717,0.3092169078309217,1.0,0.633078812815005,DNA  CYTOSINE-5- -METHYLTRANSFERASE 3-RELATED
PTHR45653,1.1593426220631389,0.08691913080869192,1.0,0.2835736642633574,DEDICATOR OF CYTOKINESIS
PTHR23317,0.9824435438114637,0.8207217927820721,1.0,0.9330997124811361,DEDICATOR OF CYTOKINESIS  DOCK
PTHR21258,1.0617245474300825,0.5711742882571175,1.0,0.824694073501254,DOCKING PROTEIN RELATED
PTHR10615,1.1461384435069508,0.17976820231797683,1.0,0.446852388618971,HISTONE ACETYLTRANSFERASE
PTHR11731,1.0516932086156376,0.6484335156648433,1.0,0.8605097197758986,"PROTEASE FAMILY S9B,C DIPEPTIDYL-PEPTIDASE IV-RELATED"
PTHR31488,1.0097659476473893,0.952560474395256,1.0,0.9852772145990562,"DPY-19-LIKE 1, LIKE (H. SAPIENS)"
PTHR21324,1.242015149416295,0.006349936500634994,1.0,0.05540520681749704,FASTING-INDUCIBLE INTEGRAL MEMBRANE PROTEIN TM6P1-RELATED
PTHR12268,0.9484659775808228,0.5563144368556314,1.0,0.8153928535341514,E3 UBIQUITIN-PROTEIN LIGASE KCMF1
PTHR24025,1.322415601044854,0.00953990460095399,1.0,0.07252179905385411,DESMOGLEIN FAMILY MEMBER
PTHR23169,1.054274590699644,0.5561044389556105,1.0,0.8153928535341514,ENVOPLAKIN
PTHR12622,0.9417649087946661,0.5072249277507225,1.0,0.7945891714045085,DELTEX-RELATED
PTHR10159,0.9156339994513182,0.33374666253337465,1.0,0.6609165726524552,DUAL SPECIFICITY PROTEIN PHOSPHATASE
PTHR24058,1.0608647313902477,0.5944740552594474,1.0,0.8356789681654351,DUAL SPECIFICITY PROTEIN KINASE
PTHR21502,0.9495014305629216,0.6201837981620184,1.0,0.8430623506264938,ZINC FINGER PROTEIN DZIP1
PTHR12081,1.4490233547700417,0.00014999850001499985,0.11234887651123489,0.0033556807289069966,TRANSCRIPTION FACTOR E2F
PTHR24390,0.9354387615468858,0.5364746352536475,1.0,0.8031733066990554,ZINC FINGER PROTEIN
PTHR11733,1.0458445327733574,0.6177238227617724,1.0,0.8430623506264938,ZINC METALLOPROTEASE FAMILY M13 NEPRILYSIN-RELATED
PTHR15151,1.1939441998348357,0.04934950650493495,1.0,0.20570203872429363,PROTEIN EIGER
PTHR24543,1.3371246482922021,9.99990000099999e-05,0.07559924400755992,0.002699973000269997,MULTICOPPER OXIDASE-RELATED
PTHR23115,1.081770471971441,0.4295157048429516,1.0,0.7377812406086465,TRANSLATION FACTOR
PTHR14614,1.1018660715008355,0.3681563184368156,1.0,0.6896325295120255,HEPATOCELLULAR CARCINOMA-ASSOCIATED ANTIGEN
PTHR43721,1.0248886705830251,0.7718222817771823,1.0,0.9210943507003286,ELONGATION FACTOR TU-RELATED
PTHR11304,1.0793905726359574,0.4025159748402516,1.0,0.7185240392494034,EPHRIN
PTHR24035,1.1480795443997596,0.06935930640693592,1.0,0.24573908107072773,MULTIPLE EPIDERMAL GROWTH FACTOR-LIKE DOMAINS PROTEIN
PTHR23235,0.9413567983195231,0.5241347586524134,1.0,0.7989712918404798,KRUEPPEL-LIKE TRANSCRIPTION FACTOR
PTHR23167,0.7625748653068671,0.023869761302386976,1.0,0.12979182708172918,CALPONIN HOMOLOGY DOMAIN-CONTAINING PROTEIN DDB_G0272472-RELATED
PTHR11216,1.3679486966649006,0.000999990000099999,0.7279927200727994,0.013982003037112488,EH DOMAIN
PTHR11849,0.9337498766362431,0.5504444955550445,1.0,0.8120410321320516,ETS
PTHR11042,1.0264191834487617,0.8386316136838632,1.0,0.9407107645661741,EUKARYOTIC TRANSLATION INITIATION FACTOR 2-ALPHA KINASE  EIF2-ALPHA KINASE -RELATED
PTHR10352,1.0925154714421463,0.36769632303676963,1.0,0.6896325295120255,EUKARYOTIC TRANSLATION INITIATION FACTOR 3 SUBUNIT G
PTHR23236,0.9335888129792774,0.45470545294547055,1.0,0.7564269580234134,EUKARYOTIC TRANSLATION INITIATION FACTOR 4B/4H
PTHR23288,0.9883703503143044,0.8750112498875011,1.0,0.9557629911166069,OCCLUDIN AND RNA POLYMERASE II ELONGATION FACTOR ELL
PTHR12771,0.9667746148381349,0.7268327316726833,1.0,0.8991050847785361,ENGULFMENT AND CELL MOTILITY
PTHR11157,1.3184861669531498,0.0010999890001099988,0.7996920030799691,0.015110375212037352,FATTY ACID ACYL TRANSFERASE-RELATED
PTHR24339,0.9708272610619795,0.6192138078619214,1.0,0.8430623506264938,HOMEOBOX PROTEIN EMX-RELATED
PTHR11202,1.1073906984825543,0.2590374096259037,1.0,0.5744736355453347,"SPROUTY-RELATED, EVH1 DOMAIN-CONTAINING PROTEIN FAMILY MEMBER"
PTHR11902,1.0562255414358723,0.4674553254467455,1.0,0.7641284338722374,ENOLASE
PTHR11782,0.907395598821774,0.34158658413415866,1.0,0.6686557384426155,ADENOSINE/GUANOSINE DIPHOSPHATASE
PTHR11267,0.8973366301175528,0.26655733442665575,1.0,0.5813771388748509,T-BOX PROTEIN-RELATED
PTHR23043,0.9796445022427047,0.8040619593804061,1.0,0.9330997124811361,HYPOXIA-INDUCIBLE FACTOR 1 ALPHA
PTHR23280,1.0450528282278153,0.7442325576744232,1.0,0.9049932756486389,4.1 G PROTEIN
PTHR45752,1.1215666931528276,0.40468595314046857,1.0,0.7185240392494034,LEUCINE-RICH REPEAT-CONTAINING
PTHR45629,0.969763408562448,0.7618023819761802,1.0,0.9188389097704116,SNF2/RAD54 FAMILY MEMBER
PTHR18929,1.4593952882156669,1.999980000199998e-05,0.015339846601533987,0.0007829921700782993,PROTEIN DISULFIDE ISOMERASE
PTHR13976,1.1456338488344346,0.12305876941230588,1.0,0.356870431295687,HETEROGENEOUS NUCLEAR RIBONUCLEOPROTEIN-RELATED
PTHR21292,0.9880000957349412,0.8657213427865721,1.0,0.9545476214242066,EXOCYST COMPLEX COMPONENT SEC6-RELATED
PTHR11062,1.056467416049958,0.5880541194588054,1.0,0.8311306417621743,EXOSTOSIN  HEPARAN SULFATE GLYCOSYLTRANSFERASE -RELATED
PTHR23281,1.4091378635492087,9.99990000099999e-06,0.007829921700782993,0.000489370106298937,MERLIN/MOESIN/EZRIN/RADIXIN
PTHR24264,0.8377671487215065,0.14565854341456586,1.0,0.393710062899371,TRYPSIN-RELATED
PTHR24232,1.340737461805889,0.05120948790512095,1.0,0.2079546896838724,G-PROTEIN COUPLED RECEPTOR
PTHR20859,1.2665547807346351,0.00905990940090599,1.0,0.06954812804813129,INTERFERON/INTERLEUKIN RECEPTOR
PTHR19353,1.1724058415961878,0.04086959130408696,1.0,0.1825795378409852,FATTY ACID DESATURASE 2
PTHR23322,1.1836717584462553,0.04906950930490695,1.0,0.20570203872429363,FAS-ASSOCIATED PROTEIN
PTHR23291,1.17840943613573,0.07443925560744392,1.0,0.2567662429102581,BAX INHIBITOR-RELATED
PTHR14758,0.9931972843974414,0.9114808851911481,1.0,0.9680881239968088,AGAP005440-PA
PTHR45935,1.0352596823378462,0.7293227067729323,1.0,0.8992118085098584,PROTEIN ZBED8-RELATED
PTHR21228,1.1113629328558499,0.3013169868301317,1.0,0.6258122034164274,FAST LEU-RICH DOMAIN-CONTAINING
PTHR12289,0.9567703386923211,0.6219737802621974,1.0,0.8440302772015608,METAXIN RELATED
PTHR16134,0.9385194149737874,0.5179848201517985,1.0,0.7989712918404798,F-BOX/TPR REPEAT PROTEIN POF3
PTHR23123,0.9502114674392885,0.6508234917650824,1.0,0.8608020169798303,PHD/F-BOX CONTAINING PROTEIN
PTHR12125,0.9995605344318511,0.972170278297217,1.0,0.989793621544304,F-BOX ONLY PROTEIN 6-LIKE PROTEIN
PTHR12245,0.9665127146551662,0.6989730102698973,1.0,0.8841613360926165,SPRY DOMAIN CONTAINING SOCS BOX PROTEIN
PTHR44019,1.037833876591361,0.8131418685813142,1.0,0.9330997124811361,WD REPEAT-CONTAINING PROTEIN 55
PTHR23065,0.9777693702929839,0.8253417465825341,1.0,0.9347279293777668,PROLINE-SERINE-THREONINE PHOSPHATASE INTERACTING PROTEIN 1
PTHR15735,1.1475766629658377,0.1944380556194438,1.0,0.4728105513975916,FCH AND DOUBLE SH3 DOMAINS PROTEIN
PTHR16515,1.1294045637765031,0.25684743152568473,1.0,0.5713395991040089,PR DOMAIN ZINC FINGER PROTEIN
PTHR12673,1.1509969558390964,0.05025949740502595,1.0,0.20790502621289575,FACIOGENITAL DYSPLASIA PROTEIN
PTHR11486,0.8988412404756351,0.4084359156408436,1.0,0.7229333124275981,FIBROBLAST GROWTH FACTOR
PTHR23074,1.314502103729917,0.005749942500574994,1.0,0.05210947890521095,AAA DOMAIN-CONTAINING
PTHR10516,1.3015094301760617,0.0003199968000319997,0.2374376256237438,0.0058269184750012965,PEPTIDYL-PROLYL CIS-TRANS ISOMERASE
PTHR43811,0.9666989883833884,0.7362026379736203,1.0,0.900697914895851,FKBP-TYPE PEPTIDYL-PROLYL CIS-TRANS ISOMERASE FKPA
PTHR10404,1.1578112680731019,0.07890921090789092,1.0,0.2651755885874618,N-ACETYLATED-ALPHA-LINKED ACIDIC DIPEPTIDASE
PTHR11829,1.0259557478036132,0.8789712102878972,1.0,0.9572106504247891,FORKHEAD BOX PROTEIN
PTHR19964,1.103538324349464,0.34284657153428466,1.0,0.668873982901962,MULTIPLE PDZ DOMAIN PROTEIN
PTHR11309,1.2402452393959118,0.03489965100348996,1.0,0.16508871055867755,FRIZZLED
PTHR24372,1.0070519638266893,0.961560384396156,1.0,0.9883888956386027,GLYCOPROTEIN HORMONE RECEPTOR
PTHR10913,0.9781101274624912,0.7643023569764302,1.0,0.9188389097704116,FOLLISTATIN-RELATED
PTHR10288,0.8573711192154486,0.14581854181458184,1.0,0.393710062899371,KH DOMAIN CONTAINING RNA BINDING PROTEIN
PTHR42884,0.9073884613326005,0.3472465275347247,1.0,0.6746750150364501,PROPROTEIN CONVERTASE SUBTILISIN/KEXIN-RELATED
PTHR11929,1.2372096399495502,0.034999650003499964,1.0,0.16508871055867755,"ALPHA- 1,3 -FUCOSYLTRANSFERASE"
PTHR14132,1.7336442902762896,9.99990000099999e-06,0.007829921700782993,0.000489370106298937,SODIUM/POTASSIUM-TRANSPORTING ATPASE SUBUNIT GAMMA
PTHR12420,0.9623149800071055,0.6363136368636314,1.0,0.8535955393870718,PHD FINGER PROTEIN
PTHR10969,1.0626835942423396,0.5546244537554624,1.0,0.8153928535341514,MICROTUBULE-ASSOCIATED PROTEINS 1A/1B LIGHT CHAIN 3-RELATED
PTHR11675,1.2674047868741403,0.024409755902440974,1.0,0.13149978089260203,N-ACETYLGALACTOSAMINYLTRANSFERASE
PTHR23101,0.8811362766864523,0.18566814331856682,1.0,0.4586061710360815,RAB GDP/GTP EXCHANGE FACTOR
PTHR15711,0.9064959404155165,0.3741762582374176,1.0,0.6959145135389501,RAP GTPASE-ACTIVATING PROTEIN
PTHR19443,1.0425080521935086,0.6873231267687323,1.0,0.8808085241569843,HEXOKINASE
PTHR24393,0.9950903944231824,0.9307006929930701,1.0,0.9768614512246299,ZINC FINGER PROTEIN
PTHR21646,0.9366440745065759,0.5255047449525505,1.0,0.7989712918404798,UBIQUITIN CARBOXYL-TERMINAL HYDROLASE
PTHR11686,0.9953741193736415,0.9270707292927071,1.0,0.9768614512246299,GAMMA GLUTAMYL TRANSPEPTIDASE
PTHR12864,1.049116644564736,0.6675233247667524,1.0,0.8653489458482899,RAN BINDING PROTEIN 9-RELATED
PTHR11984,0.6248693512790532,3.999960000399996e-05,0.03043969560304397,0.0012046033385819989,CONNEXIN
PTHR10196,0.8833746838083091,0.2045379546204538,1.0,0.4897651940911783,SUGAR KINASE
PTHR23421,1.0113600535605802,0.937670623293767,1.0,0.9802351108665148,BETA-GALACTOSIDASE RELATED
PTHR23192,1.2131166712330226,0.014229857701422986,1.0,0.0921129813092113,OLFACTOMEDIN-RELATED
PTHR24388,0.9706150763342151,0.7494525054749452,1.0,0.9079804719727145,ZINC FINGER PROTEIN
PTHR19818,0.8884189795650389,0.3010169898301017,1.0,0.6258122034164274,ZINC FINGER PROTEIN ZIC AND GLI
PTHR10218,1.1831027161792584,0.057229427705722945,1.0,0.2218348608593122,GTP-BINDING PROTEIN ALPHA SUBUNIT
PTHR19850,1.2273632283196345,0.014719852801471985,1.0,0.0922051579484205,GUANINE NUCLEOTIDE-BINDING PROTEIN BETA  G PROTEIN BETA
PTHR13809,0.8432655570357673,0.1032389676103239,1.0,0.31700435936817106,GUANINE NUCLEOTIDE-BINDING PROTEIN GAMMA SUBUNIT
PTHR43108,1.1097005117019,0.15844841551584485,1.0,0.41493347608329934,N-ACETYLGLUCOSAMINE-6-SULFATASE FAMILY MEMBER
PTHR10881,0.8803268504575597,0.16384836151638485,1.0,0.4262234786290011,GOLGIN SUBFAMILY A MEMBER-RELATED
PTHR45617,0.9521883576421811,0.5506944930550695,1.0,0.8120410321320516,FAMILY NOT NAMED
PTHR23063,0.928170083880627,0.4090159098409016,1.0,0.7229333124275981,PHOSPHOLIPID ACYLTRANSFERASE
PTHR10822,1.0114583616133392,0.946380536194638,1.0,0.9827797875867396,GLYPICAN
PTHR21229,1.2566105920815223,0.006479935200647994,1.0,0.05540520681749704,LUNG SEVEN TRANSMEMBRANE RECEPTOR
PTHR22752,1.054439896498957,0.7242727572724272,1.0,0.8991050847785361,G PROTEIN-COUPLED RECEPTOR
PTHR24229,1.180232251833313,0.1864981350186498,1.0,0.4592076720742227,NEUROPEPTIDES RECEPTOR
PTHR24233,1.0674461776341353,0.6627633723662764,1.0,0.864835045493139,P2Y PURINOCEPTOR-RELATED G-PROTEIN COUPLED RECEPTOR
PTHR24240,1.0915642056755408,0.07168928310716893,1.0,0.2494787052129479,OPSIN
PTHR11592,1.1845051865840042,0.02788972110278897,1.0,0.14558434415655844,GLUTATHIONE PEROXIDASE
PTHR11037,1.0234720549069762,0.8397916020839792,1.0,0.9407107645661741,TRANSCRIPTION FACTOR CP2
PTHR18966,0.7651731323741168,0.032389676103238965,1.0,0.156550101165655,IONOTROPIC GLUTAMATE RECEPTOR
PTHR24355,0.8005016606642176,0.0963390366096339,1.0,0.3005317357184994,G PROTEIN-COUPLED RECEPTOR KINASE/RIBOSOMAL PROTEIN S6 KINASE
PTHR16399,0.9221030230367269,0.4461255387446125,1.0,0.751217842660283,GASDERMIN
PTHR11571,1.3326765974449202,0.0005199948000519994,0.3832361676383236,0.00866289209448331,GLUTATHIONE S-TRANSFERASE
PTHR46179,1.1976310146320444,0.028429715702842973,1.0,0.14742031387633145,ZINC FINGER PROTEIN
PTHR23055,0.6061821515662132,0.010669893301066989,1.0,0.07735672643273567,CALCIUM BINDING PROTEINS
PTHR24384,1.2804331896482741,0.45488545114548856,1.0,0.7564269580234134,FINGER PUTATIVE TRANSCRIPTION FACTOR FAMILY-RELATED
PTHR11467,0.9748358529986845,0.7979220207797922,1.0,0.932274119881752,HISTONE H1
PTHR23430,1.3752643710009336,0.0013799862001379986,0.999110008899911,0.018008819911800884,HISTONE H2A
PTHR23428,1.497519725081607,0.0034299657003429964,1.0,0.03730087699123009,HISTONE H2B
PTHR11035,1.1645185720814728,0.06357936420635793,1.0,0.23593669276577375,PTPLA DOMAIN PROTEIN
PTHR24419,0.9492911637053764,0.5134448655513445,1.0,0.7960937222310945,INTERLEUKIN-1 RECEPTOR-ASSOCIATED KINASE
PTHR10625,1.2685442349316456,0.013279867201327986,1.0,0.0894752590935629,HISTONE DEACETYLASE
PTHR45634,0.9962571018514484,0.9288807111928881,1.0,0.9768614512246299,HISTONE DEACETYLASE
PTHR19288,1.072858490639308,0.5239947600523994,1.0,0.7989712918404798,4-NITROPHENYLPHOSPHATASE-RELATED
PTHR45622,1.0602264733817697,0.6053139468605314,1.0,0.8430623506264938,UBIQUITIN-PROTEIN LIGASE E3A-RELATED
PTHR22870,1.1890601715893843,0.05777942220577794,1.0,0.22286348565085778,REGULATOR OF CHROMOSOME CONDENSATION
PTHR24261,0.9988472288410679,0.971750282497175,1.0,0.989793621544304,PLASMINOGEN-RELATED
PTHR24394,1.0875247796693082,0.4335156648433516,1.0,0.7424608106860109,ZINC FINGER PROTEIN
PTHR12461,1.011725783552562,0.992860071399286,1.0,0.9968293393989137,HYPOXIA-INDUCIBLE FACTOR 1 ALPHA INHIBITOR-RELATED
PTHR12297,1.067377407371161,0.36106638933610663,1.0,0.6796033241590661,HYPOXIA-INDUCBILE GENE 1  HIG1 -RELATED
PTHR12174,1.1297119462515972,0.15309846901530985,1.0,0.4063596652169072,SIGNAL PEPTIDE PEPTIDASE
PTHR23277,0.9131820724342662,0.3727362726372736,1.0,0.695446188395259,NECTIN-RELATED
PTHR48112,1.0943885598580776,0.2763372366276337,1.0,0.5940443609262537,HIGH MOBILITY GROUP PROTEIN DSP1
PTHR23087,1.2220327208215913,0.01004989950100499,1.0,0.07504906083014641,NONHISTONE CHROMOSOMAL PROTEIN HMG
PTHR24083,0.7760125218563394,0.02899971000289997,1.0,0.14780871546123248,NUCLEAR HORMONE RECEPTOR
PTHR48026,0.9527686673473093,0.5476945230547694,1.0,0.8114255908480614,HOMOLOGOUS TO DROSOPHILA SQD (SQUID) PROTEIN
PTHR48033,1.3812049796351533,3.999960000399996e-05,0.03043969560304397,0.0012046033385819989,RNA-BINDING (RRM/RBD/RNP MOTIFS) FAMILY PROTEIN
PTHR13968,1.2481893774126975,0.0016499835001649984,1.0,0.02018651688483115,HETEROGENEOUS NUCLEAR RIBONUCLEOPROTEIN
PTHR15592,1.530020611379418,5.999940000599994e-05,0.04541954580454195,0.0017399826001739983,MATRIN 3/NUCLEAR PROTEIN 220-RELATED
PTHR15467,1.0604036729277317,0.5027049729502705,1.0,0.793584664959802,ZINC-FINGERS AND HOMEOBOXES RELATED
PTHR10201,0.9106574398841262,0.3794462055379446,1.0,0.6974328144042503,MATRIX METALLOPROTEINASE
PTHR12549,0.9911025483024519,0.8892911070889291,1.0,0.9621935548600316,JMJC DOMAIN-CONTAINING HISTONE DEMETHYLATION PROTEIN
PTHR10605,0.9170197350690587,0.35573644263557364,1.0,0.6759706010688078,HEPARAN SULFATE SULFOTRANSFERASE
PTHR11528,1.2718490882528275,0.004189958100418996,1.0,0.04192477062571147,HEAT SHOCK PROTEIN 90 FAMILY MEMBER
PTHR19375,1.07677406228195,0.43982560174398255,1.0,0.7454187146440224,HEAT SHOCK PROTEIN 70KDA
PTHR45639,0.9021489782884904,0.2917470825291747,1.0,0.6107966995196358,"HSC70CB, ISOFORM G-RELATED"
PTHR22939,0.9314468860935127,0.3828361716382836,1.0,0.7007596980104965,SERINE PROTEASE FAMILY S1C HTRA-RELATED
PTHR13771,1.0873451579863271,0.43919560804391955,1.0,0.7454187146440224,INTERCELLULAR ADHESION MOLECULE
PTHR11723,0.9619131736710125,0.5312046879531205,1.0,0.8009859324483678,DNA-BINDING PROTEIN INHIBITOR
PTHR10271,0.9346766739554465,0.48278517214827854,1.0,0.7738705505001976,INTERFERON-INDUCED PROTEIN WITH TETRATRICOPEPTIDE REPEATS
PTHR13999,1.084517566182197,0.3083669163308367,1.0,0.633078812815005,INTERFERON INDUCIBLE TRANSMEMBRANE PROTEIN
PTHR47979,1.1942700346385697,0.043579564204357955,1.0,0.18646338126782666,DRAB11-RELATED
PTHR11551,1.0333623235346725,0.6972030279697203,1.0,0.883349467476199,INSULIN-LIKE GROWTH FACTOR BINDING PROTEIN
PTHR13817,0.9910641442310484,0.8886911130888692,1.0,0.9621935548600316,TITIN
PTHR42757,0.8398342988360639,0.0874091259087409,1.0,0.2839889858362827,IGLON FAMILY OF IMMUNOGLOBULIN SUPERFAMILY-RELATED
PTHR45842,0.978235167762596,0.7728722712772872,1.0,0.9210943507003286,SYNAPTIC ADHESION-LIKE MOLECULE SALM
PTHR15583,1.1658123626553532,0.03051969480305197,1.0,0.1523633820265571,INTERLEUKIN-17 RECEPTOR
PTHR11890,1.195534797001799,0.01988980110198898,1.0,0.11285300190476356,INTERLEUKIN-1 RECEPTOR FAMILY MEMBER
PTHR10742,0.9463457981896851,0.5089849101508985,1.0,0.7945891714045085,FLAVIN MONOAMINE OXIDASE
PTHR13832,0.9786175663605685,0.7989220107798922,1.0,0.932274119881752,PROTEIN PHOSPHATASE 2C
PTHR10333,1.2054247600179175,0.054779452205477946,1.0,0.21662783372166278,INHIBITOR OF GROWTH PROTEIN
PTHR11200,0.9414837016842281,0.4526354736452635,1.0,0.7564269580234134,INOSITOL 5-PHOSPHATASE
PTHR12400,1.1694377484515193,0.08072919270807292,1.0,0.2698490887431551,INOSITOL POLYPHOSPHATE KINASE
PTHR10527,1.3953988459708733,0.004229957700422996,1.0,0.04192477062571147,IMPORTIN BETA
PTHR11949,1.0518363283110777,0.6745232547674523,1.0,0.8715374727440844,INTERFERON REGULATORY FACTOR
PTHR10816,0.968592150754254,0.7315426845731543,1.0,0.8992118085098584,MYELIN TRANSCRIPTION FACTOR 1-RELATED
PTHR10666,1.2385968112369448,0.041039589604103956,1.0,0.1825795378409852,UBIQUITIN
PTHR23220,1.1725406897558135,0.0879991200087999,1.0,0.28471270842847124,INTEGRIN ALPHA
PTHR10082,1.112220339468702,0.21299787002129977,1.0,0.503859009748271,INTEGRIN BETA SUBUNIT
PTHR13715,0.9593249541477862,0.5863741362586374,1.0,0.8311306417621743,RYANODINE RECEPTOR AND IP3 RECEPTOR
PTHR10694,1.0269198594025655,0.8222717772822272,1.0,0.9330997124811361,LYSINE-SPECIFIC DEMETHYLASE
PTHR23330,0.9161466619430993,0.33265667343326566,1.0,0.6609165726524552,P300 TRANSCRIPTIONAL COFACTOR JMY-RELATED
PTHR24168,1.0012658671822967,0.993010069899301,1.0,0.9968293393989137,KN MOTIF AND ANKYRIN REPEAT DOMAIN-CONTAINING
PTHR11537,0.7849739732833965,0.05674943250567494,1.0,0.2210686848355397,VOLTAGE-GATED POTASSIUM CHANNEL
PTHR11767,1.2539096213504801,0.16847831521684783,1.0,0.43251974037636676,INWARD RECTIFIER POTASSIUM CHANNEL
PTHR11003,0.9558421337103878,0.5914640853591464,1.0,0.834443925831012,"POTASSIUM CHANNEL, SUBFAMILY K"
PTHR10258,1.235599418456598,0.006619933800661993,1.0,0.05573557167654129,CALCIUM-ACTIVATED POTASSIUM CHANNEL SUBUNIT BETA
PTHR14499,1.000750232450062,0.970000299997,1.0,0.989793621544304,POTASSIUM CHANNEL TETRAMERIZATION DOMAIN-CONTAINING
PTHR11208,1.2490629443902044,0.014709852901470985,1.0,0.0922051579484205,RNA-BINDING PROTEIN RELATED
PTHR12876,0.8074542923452893,0.13604863951360485,1.0,0.38482510481754384,N4BP1-RELATED
PTHR23039,0.9770932466058451,0.7232127678723212,1.0,0.8991050847785361,NANCE-HORAN SYNDROME PROTEIN
PTHR14102,0.9075697983358327,0.35870641293587063,1.0,0.676995784259025,PAR-6-RELATED
PTHR24115,1.1506659109175519,0.18801811981880182,1.0,0.4600568369316307,KINESIN-RELATED
PTHR11640,0.9208208089541198,0.4038059619403806,1.0,0.7185240392494034,NEPHRIN
PTHR45783,0.9145762955609826,0.2890671093289067,1.0,0.6084396414100375,KINESIN LIGHT CHAIN
PTHR45632,1.0521056231389072,0.7392026079739202,1.0,0.9015508443046409,LD33804P
PTHR22800,0.6771929332258203,3.999960000399996e-05,0.03043969560304397,0.0012046033385819989,C-TYPE LECTIN PROTEINS
PTHR23316,0.9913435447623563,0.8963010369896302,1.0,0.9657621443042791,IMPORTIN ALPHA
PTHR23232,1.2101117487219424,0.036199638003619965,1.0,0.16871616998115732,KRAB DOMAIN C2H2 ZINC FINGER
PTHR45616,1.0139486835845464,0.912450875491245,1.0,0.9680881239968088,FAMILY NOT NAMED
PTHR12247,0.9132386079456257,0.4027559724402756,1.0,0.7185240392494034,POLYCOMB GROUP PROTEIN
PTHR22792,1.2917831660336068,0.008999910000899992,1.0,0.06954812804813129,LUPUS LA PROTEIN-RELATED
PTHR24214,1.3614338137486455,0.0005999940000599994,0.44099559004409955,0.009587659225448563,PDZ AND LIM DOMAIN PROTEIN ZASP
PTHR15503,1.0687750574497703,0.5254647453525465,1.0,0.7989712918404798,LDOC1 RELATED
PTHR45836,1.1198265834678018,0.17459825401745982,1.0,0.4424285854228836,SLIT HOMOLOG
PTHR12489,0.9323799909057096,0.4597954020459795,1.0,0.7588129779079567,LIPOMA HMGIC FUSION PARTNER-LIKE PROTEIN
PTHR46485,1.212532289817157,0.051559484405155946,1.0,0.2079546896838724,LIM DOMAIN KINASE 1
PTHR14063,1.0690221872602876,0.46597534024659754,1.0,0.7633027017010166,PROTEIN LIN-7 HOMOLOG
PTHR11610,0.8427063965675967,0.013849861501384985,1.0,0.09112976097129785,LIPASE
PTHR10241,0.9223176325332085,0.5386646133538665,1.0,0.8033797947734809,LETHAL 2  GIANT LARVAE PROTEIN
PTHR24211,1.2407806208788674,0.05044949550504495,1.0,0.20790502621289575,LIM DOMAIN-CONTAINING PROTEIN
PTHR45787,1.1203907773469528,0.23585764142358576,1.0,0.5415734112453597,LD11652P
PTHR10901,1.0210734347037103,0.8741612583874161,1.0,0.9557629911166069,TROPOMODULIN
PTHR13906,1.136713267862068,0.2209877901220988,1.0,0.514980475195248,PORCUPINE
PTHR13743,0.973622168739334,0.7690823091769082,1.0,0.9207820307118029,BEIGE/BEACH-RELATED
PTHR16083,0.9864053560425037,0.8557014429855702,1.0,0.9490286541893789,LEUCINE RICH REPEAT CONTAINING PROTEIN
PTHR14224,0.9478438024446922,0.5275647243527565,1.0,0.800548796837613,SIMILAR TO PREFERENTIALLY EXPRESSED ANTIGEN IN MELANOMA-LIKE 3
PTHR24369,0.9656952722942412,0.6892931070689293,1.0,0.8818897105146595,"ANTIGEN BSP, PUTATIVE-RELATED"
PTHR23045,0.8445281322522235,0.1942380576194238,1.0,0.4728105513975916,LEUCINE-RICH REPEAT-CONTAINING PROTEIN 37A
PTHR11485,0.9392219615343439,0.45764542354576454,1.0,0.7580125678658648,TRANSFERRIN
PTHR20932,1.0980864622556477,0.47796522034779654,1.0,0.7738705505001976,LOC443603 PROTEIN-RELATED
PTHR10129,1.0667949573455227,0.5133848661513385,1.0,0.7960937222310945,TRANSCRIPTION FACTOR MAF
PTHR19960,1.0260272111390216,0.6602533974660253,1.0,0.864835045493139,TEKTIN
PTHR11736,1.0344589931883093,0.7651123488765113,1.0,0.9188389097704116,MELANOMA-ASSOCIATED ANTIGEN  MAGE ANTIGEN
PTHR10316,1.048904325089281,0.6706032939670603,1.0,0.8679047589689391,MEMBRANE ASSOCIATED GUANYLATE KINASE-RELATED
PTHR23282,1.0263420402516146,0.7673223267767322,1.0,0.9200817486465257,APICAL ENDOSOMAL GLYCOPROTEIN PRECURSOR.
PTHR11607,0.9689721551866076,0.7268627313726863,1.0,0.8991050847785361,ALPHA-MANNOSIDASE
PTHR48013,1.2637400540197388,0.00890991090089099,1.0,0.06954812804813129,DUAL SPECIFICITY MITOGEN-ACTIVATED PROTEIN KINASE KINASE 5-RELATED
PTHR24361,1.05062317793693,0.6248737512624873,1.0,0.8441330586694132,MITOGEN-ACTIVATED KINASE KINASE KINASE
PTHR48012,0.9688805821765782,0.7249927500724993,1.0,0.8991050847785361,"STERILE20-LIKE KINASE, ISOFORM B-RELATED"
PTHR48015,1.1851855261956636,0.08098919010809892,1.0,0.2698490887431551,SERINE/THREONINE-PROTEIN KINASE TAO
PTHR15073,0.951217710326516,0.5673343266567334,1.0,0.8218378444681357,MICROTUBULE-ASSOCIATED PROTEIN
PTHR11630,1.7696619041538044,9.99990000099999e-06,0.007829921700782993,0.000489370106298937,DNA REPLICATION LICENSING FACTOR MCM FAMILY MEMBER
PTHR13844,1.1758096637231144,0.07099929000709992,1.0,0.2492934711908486,SWI/SNF-RELATED MATRIX-ASSOCIATED ACTIN-DEPENDENT REGULATOR OF CHROMATIN SUBFAMILY D
PTHR11945,0.83277354733638,0.1070389296107039,1.0,0.3235964551551396,MADS BOX PROTEIN
PTHR11850,1.1688593586271414,0.08475915240847591,1.0,0.2783389739324364,HOMEOBOX PROTEIN TRANSCRIPTION FACTORS
PTHR22809,0.9628452658744973,0.6199338006619933,1.0,0.8430623506264938,METHYLTRANSFERASE-RELATED
PTHR23504,1.3892534834948338,0.0005499945000549994,0.4047959520404796,0.008971785282147178,MAJOR FACILITATOR SUPERFAMILY DOMAIN-CONTAINING PROTEIN 10
PTHR16089,0.866281545162171,0.15692843071569285,1.0,0.41493347608329934,REST COREPRESSOR  COREST  PROTEIN-RELATED
PTHR10865,1.021441816896379,0.8447615523844761,1.0,0.9435781676420041,METASTASIS-ASSOCIATED PROTEIN AND MESODERM INDUCTION EARLY RESPONSE PROTEIN
PTHR10073,1.168736415977684,0.07704922950770492,1.0,0.2635161857988407,"DNA MISMATCH REPAIR PROTEIN  MLH, PMS, MUTL"
PTHR23195,0.9648900891609307,0.6851931480685193,1.0,0.8808085241569843,YEATS DOMAIN
PTHR11969,1.0476669442848447,0.6366536334636653,1.0,0.8535955393870718,"MAX DIMERIZATION, MAD"
PTHR23095,0.7164669824256203,0.07861921380786192,1.0,0.2651755885874618,PARANEOPLASTIC ANTIGEN
PTHR22599,1.439218582379427,0.00044999550004499957,0.3325466745332547,0.007829921700782993,MPS ONE BINDER KINASE ACTIVATOR-LIKE  MOB
PTHR12802,0.9964355851208796,0.9431505684943151,1.0,0.9823323974207067,SWI/SNF COMPLEX-RELATED
PTHR11266,1.059012738044278,0.5042749572504275,1.0,0.7944613511611363,"PEROXISOMAL MEMBRANE PROTEIN 2, PXMP2  MPV17"
PTHR23120,0.9528538905786059,0.5858641413585864,1.0,0.8311306417621743,MAESTRO-RELATED HEAT DOMAIN-CONTAINING
PTHR23105,1.3252175843320206,0.0002599974000259997,0.1936980630193698,0.005219947800521995,RIBOSOMAL PROTEIN L7AE FAMILY MEMBER
PTHR23320,1.3193384218784059,0.023469765302346977,1.0,0.12850927434781598,MEMBRANE-SPANNING 4-DOMAINS SUBFAMILY A  MS4A -RELATED
PTHR11361,1.1910687839178205,0.056499435005649946,1.0,0.2210686848355397,DNA MISMATCH REPAIR PROTEIN MUTS FAMILY MEMBER
PTHR23299,0.9509160516892818,0.4968850311496885,1.0,0.7859817765458709,METALLOTHIONEIN
PTHR48099,1.0526756561662327,0.5979840201597985,1.0,0.8391066089339108,"C-1-TETRAHYDROFOLATE SYNTHASE, CYTOPLASMIC-RELATED"
PTHR10807,0.8808072653725147,0.2877971220287797,1.0,0.6079691494190178,MYOTUBULARIN-RELATED
PTHR12271,1.0464525888837894,0.6771932280677193,1.0,0.8735457950198092,POLY A  POLYMERASE CID  PAP -RELATED
PTHR19384,0.9844471613994573,0.8316316836831632,1.0,0.9355856441435586,NITRIC OXIDE SYNTHASE-RELATED
PTHR45615,0.8973436537004073,0.2900770992290077,1.0,0.608928602402984,"MYOSIN HEAVY CHAIN, NON-MUSCLE"
PTHR23049,1.290845158753298,0.00027999720002799973,0.2083179168208318,0.005347263600534727,MYOSIN REGULATORY LIGHT CHAIN 2
PTHR23226,1.615079930240995,0.00042999570004299955,0.31819681803181965,0.007651968934856106,ZINC FINGER AND SCAN DOMAIN-CONTAINING
PTHR13140,1.1794896663614338,0.06880931190688093,1.0,0.24489859646858075,MYOSIN
PTHR11875,0.7407123929053573,0.042829571704282955,1.0,0.18623101061807062,TESTIS-SPECIFIC Y-ENCODED PROTEIN
PTHR14199,0.7389449036843748,0.0052899471005289946,1.0,0.04990395879173738,UNCHARACTERIZED
PTHR11034,0.813348832835595,0.05365946340536595,1.0,0.2132759383066068,N-MYC DOWNSTREAM REGULATED
PTHR43671,0.9128273343664065,0.35881641183588164,1.0,0.676995784259025,SERINE/THREONINE-PROTEIN KINASE NEK
PTHR12429,1.0542775044444237,0.4008359916400836,1.0,0.7185240392494034,NEURALIZED
PTHR12533,0.8594155609250279,0.1046789532104679,1.0,0.32017039204607955,NFAT
PTHR24411,1.023069049543193,0.8193818061819382,1.0,0.9330997124811361,NUCLEAR FACTOR ERYTHROID 2-RELATED FACTOR
PTHR11492,1.1766918279810061,0.052819471805281945,1.0,0.21100840012008043,NUCLEAR FACTOR I
PTHR24169,0.9699327734688951,0.7310126898731013,1.0,0.8992118085098584,NUCLEAR FACTOR NF-KAPPA-B PROTEIN
PTHR24104,1.0222498961777506,0.8261317386826131,1.0,0.9347279293777668,E3 UBIQUITIN-PROTEIN LIGASE NHLRC1-RELATED
PTHR12570,1.0046214789132466,0.996720032799672,1.0,0.9979946108467305,UNCHARACTERIZED
PTHR21017,0.9289282453535749,0.4034459655403446,1.0,0.7185240392494034,NIPSNAP-RELATED
PTHR11071,1.2259142988013045,0.055669443305566946,1.0,0.21904107592089908,PEPTIDYL-PROLYL CIS-TRANS ISOMERASE
PTHR24106,1.0058146352602,0.96110038899611,1.0,0.9883888956386027,"NACHT, LRR AND CARD DOMAINS-CONTAINING"
PTHR45690,1.0574282583530392,0.7707822921770783,1.0,0.9210943507003286,"NACHT, LRR AND PYD DOMAINS-CONTAINING PROTEIN 12"
PTHR11349,1.1212829803399462,0.14579854201457984,1.0,0.393710062899371,NUCLEOSIDE DIPHOSPHATE KINASE
PTHR10285,1.1686375061737604,0.13063869361306388,1.0,0.37332152225923,URIDINE KINASE
PTHR23189,0.930517261520474,0.4840451595484045,1.0,0.7738705505001976,RNA RECOGNITION MOTIF-CONTAINING
PTHR22807,1.3179428077872393,0.004359956400435996,1.0,0.042339576604233965,NOP2 YEAST -RELATED NOL1/NOP2/FMU SUN  DOMAIN-CONTAINING
PTHR11645,1.1919973587995751,0.03923960760392396,1.0,0.17759891765244198,PYRROLINE-5-CARBOXYLATE REDUCTASE
PTHR23193,1.0884732165332058,0.3783062169378306,1.0,0.6974328144042503,NUCLEAR PORE COMPLEX PROTEIN  NUP
PTHR15438,1.1818237386142016,0.12194878051219488,1.0,0.3549661529407011,NUCLEAR PORE COMPLEX INTERACTING PROTEIN
PTHR24082,1.1341538761583752,0.3549664503354966,1.0,0.6759706010688078,NUCLEAR HORMONE RECEPTOR
PTHR13902,1.2272228010037576,0.014419855801441986,1.0,0.0921129813092113,SERINE/THREONINE-PROTEIN KINASE WNK  WITH NO LYSINE -RELATED
PTHR23333,0.9883061536840432,0.8756012439875601,1.0,0.9557629911166069,UBX DOMAIN CONTAINING PROTEIN
PTHR12103,1.169337836564193,0.06873931260687394,1.0,0.24489859646858075,5'-NUCLEOTIDASE DOMAIN-CONTAINING
PTHR12629,1.3188642029812643,0.001149988500114999,0.8348916510834892,0.015524844751552486,DIPHOSPHOINOSITOL POLYPHOSPHATE PHOSPHOHYDROLASE
PTHR23138,1.0449787986798553,0.6673733262667373,1.0,0.8653489458482899,RAN BINDING PROTEIN
PTHR23077,1.1631308661546893,0.0941090589094109,1.0,0.29649932416338487,AAA-FAMILY ATPASE
PTHR11258,0.9966405463775443,0.9415305846941531,1.0,0.9823323974207067,2-5 OLIGOADENYLATE SYNTHETASE
PTHR26453,1.7591203728922842,0.01015989840101599,1.0,0.07504906083014641,OLFACTORY RECEPTOR
PTHR26452,1.2104027777564002,0.012109878901210987,1.0,0.08317574718989651,OLFACTORY RECEPTOR
PTHR24242,1.0068783940352026,0.99650003499965,1.0,0.9979946108467305,G-PROTEIN COUPLED RECEPTOR
PTHR48001,1.2923159480288373,0.08402915970840291,1.0,0.2780117768442569,OLFACTORY RECEPTOR
PTHR26454,1.2998573233190687,0.015609843901560984,1.0,0.09624021870017521,OLFACTORY RECEPTOR
PTHR48002,1.37797677799955,0.4292957070429296,1.0,0.7377812406086465,OLFACTORY RECEPTOR
PTHR10972,1.1620984604676217,0.11208887911120889,1.0,0.33259371951735023,OXYSTEROL-BINDING PROTEIN-RELATED
PTHR12419,1.153227167741101,0.17577824221757782,1.0,0.442767014637546,OTU DOMAIN CONTAINING PROTEIN
PTHR42968,1.2196634659304981,0.026659733402665975,1.0,0.14200388608358816,WD REPEAT-CONTAINING
PTHR12280,0.9206770994995775,0.3943460565394346,1.0,0.7164105853141005,PANTOTHENATE KINASE
PTHR14453,0.947469535505748,0.5789142108578914,1.0,0.8286834133486818,PARP/ZINC FINGER CCCH TYPE DOMAIN CONTAINING PROTEIN
PTHR45740,1.0036309517986346,0.991160088399116,1.0,0.9968293393989137,POLY [ADP-RIBOSE] POLYMERASE
PTHR12372,0.9533187345343067,0.6173738262617374,1.0,0.8430623506264938,PECANEX
PTHR11347,1.2111365551268825,0.25303746962530377,1.0,0.5693343066569335,CYCLIC NUCLEOTIDE PHOSPHODIESTERASE
PTHR24381,1.3617135657668133,0.14542854571454286,1.0,0.393710062899371,ZINC FINGER PROTEIN
PTHR10606,0.9640475433702432,0.6594834051659484,1.0,0.864835045493139,"6-PHOSPHOFRUCTO-2-KINASE/FRUCTOSE-2,6-BISPHOSPHATASE"
PTHR12025,1.0560007378439957,0.47924520754792455,1.0,0.7738705505001976,VASCULAR ENDOTHELIAL GROWTH FACTOR
PTHR12751,0.9388690218411033,0.4736452635473645,1.0,0.771027528809951,PHOSPHATASE AND ACTIN REGULATOR  PHACTR
PTHR10048,1.0094792474261598,0.969360306396936,1.0,0.989793621544304,PHOSPHATIDYLINOSITOL KINASE
PTHR10782,1.0390942552372942,0.7288727112728872,1.0,0.8992118085098584,ZINC FINGER MIZ DOMAIN-CONTAINING PROTEIN
PTHR23086,1.0483028720812697,0.7087529124708752,1.0,0.8912160156087043,PHOSPHATIDYLINOSITOL-4-PHOSPHATE 5-KINASE
PTHR10658,0.9626556445193947,0.6491935080649194,1.0,0.8605097197758986,PHOSPHATIDYLINOSITOL TRANSFER PROTEIN
PTHR15710,1.3421363564687008,0.0017999820001799983,1.0,0.021035610539416997,E3 UBIQUITIN-PROTEIN LIGASE PRAJA
PTHR10877,0.9724533837717316,0.6457735422645774,1.0,0.8599331353625239,POLYCYSTIN FAMILY MEMBER
PTHR10728,0.9522275708915384,0.5678343216567834,1.0,0.8218378444681357,CYTOSOLIC PHOSPHOLIPASE A2
PTHR13943,1.1624481505464213,0.06162938370616294,1.0,0.23380597924789984,HRAS-LIKE SUPPRESSOR - RELATED
PTHR24408,1.0136448680236854,0.9022309776902231,1.0,0.9659111048725801,ZINC FINGER PROTEIN
PTHR10336,0.9969827295914743,0.936880631193688,1.0,0.9802351108665148,PHOSPHOINOSITIDE-SPECIFIC PHOSPHOLIPASE C FAMILY PROTEIN
PTHR12752,0.9156166732361073,0.3371166288337117,1.0,0.6648924946518797,PHOSPHOINOSITOL 3-PHOSPHATE-BINDING PROTEIN
PTHR24345,1.2285280180148495,0.017429825701742983,1.0,0.10339055700352087,SERINE/THREONINE-PROTEIN KINASE PLK
PTHR10165,1.240074754568781,0.00898991010089899,1.0,0.06954812804813129,LIPID PHOSPHATE PHOSPHATASE
PTHR14969,0.8811064976419444,0.22417775822241778,1.0,0.5207706330016346,SPHINGOSINE-1-PHOSPHATE PHOSPHOHYDROLASE
PTHR23248,1.1885493870059962,0.02915970840291597,1.0,0.14780871546123248,PHOSPHOLIPID SCRAMBLASE-RELATED
PTHR22625,0.9925239565314835,0.8993010069899301,1.0,0.9659111048725801,PLEXIN
PTHR25462,1.0289134689115673,0.7907920920790792,1.0,0.9291194044581293,"BONUS, ISOFORM C-RELATED"
PTHR11851,1.2818147924927483,0.0017099829001709984,1.0,0.02059871708975218,METALLOPROTEASE
PTHR12406,1.0038132086330664,0.981360186398136,1.0,0.99440005599944,CALCIUM-INDEPENDENT PHOSPHOLIPASE A2  IPLA2 -RELATED
PTHR24403,1.339931989208982,0.003099969000309997,1.0,0.03418698207384123,ZINC FINGER PROTEIN
PTHR13946,1.0600351346907788,0.5330046699533004,1.0,0.8010415673194514,"DNA-DIRECTED RNA POLYMERASE I,II,III"
PTHR12587,0.8760798095075637,0.2597774022259777,1.0,0.5744736355453347,LAR INTERACTING PROTEIN  LIP -RELATED PROTEIN
PTHR47992,0.858918840182345,0.15061849381506184,1.0,0.40450126320654595,"ALPHABET, ISOFORM E-RELATED"
PTHR12307,0.8196895080185195,0.09100908990910091,1.0,0.2916246347740605,PROTEIN PHOSPHATASE 1 REGULATORY SUBUNIT
PTHR45619,1.6770655049106413,9.99990000099999e-06,0.007829921700782993,0.000489370106298937,SERINE/THREONINE-PROTEIN PHOSPHATASE PP2A-RELATED
PTHR10648,1.2314401877016299,0.013809861901380987,1.0,0.09112976097129785,SERINE/THREONINE-PROTEIN PHOSPHATASE PP2A 65 KDA REGULATORY SUBUNIT
PTHR10257,1.1782367228652317,0.06497935020649794,1.0,0.23886775216754874,SERINE/THREONINE PROTEIN PHOSPHATASE 2A  PP2A  REGULATORY SUBUNIT B
PTHR11158,1.0132412201823229,0.8927310726892731,1.0,0.964149558504415,MSF1/PX19 RELATED
PTHR24353,1.0967103673447538,0.32191678083219166,1.0,0.6547034789392365,CYCLIC NUCLEOTIDE-DEPENDENT PROTEIN KINASE
PTHR11635,0.827240324997328,0.05084949150508495,1.0,0.2079546896838724,CAMP-DEPENDENT PROTEIN KINASE REGULATORY CHAIN
PTHR10210,1.220490810581008,0.023159768402315976,1.0,0.12770492013389725,RIBOSE-PHOSPHATE DIPHOSPHOKINASE FAMILY MEMBER
PTHR11599,2.4461904187482912,9.99990000099999e-06,0.007829921700782993,0.000489370106298937,PROTEASOME SUBUNIT ALPHA/BETA
PTHR23073,1.7641763871672755,9.99990000099999e-06,0.007829921700782993,0.000489370106298937,26S PROTEASOME REGULATORY SUBUNIT
PTHR11866,0.9181486192039008,0.2063179368206318,1.0,0.4925211723492521,G-PROTEIN COUPLED RECEPTOR FAMILY 1 MEMBER
PTHR45706,0.9876142579530579,0.8680013199868001,1.0,0.9545476214242066,TYROSINE-PROTEIN PHOSPHATASE
PTHR19134,0.9699972578668955,0.7519524804751953,1.0,0.9086092472408609,RECEPTOR-TYPE TYROSINE-PROTEIN PHOSPHATASE
PTHR45736,1.1267218007000983,0.25295747042529576,1.0,0.5693343066569335,ZINC FINGER MYM-TYPE PROTEIN
PTHR47980,1.154769788375398,0.11923880761192387,1.0,0.3496778515360914,LD44762P
PTHR47978,0.9812576749763743,0.8139518604813952,1.0,0.9330997124811361,FAMILY NOT NAMED
PTHR47977,0.8138368812345005,0.06631933680663193,1.0,0.24265439588594767,LD21953P-RELATED
PTHR23113,1.0623151231877492,0.6061239387606124,1.0,0.8430623506264938,GUANINE NUCLEOTIDE EXCHANGE FACTOR
PTHR22738,0.9776465230596402,0.7765222347776523,1.0,0.922473755595273,RASSF
PTHR15286,0.9270492276342305,0.35586644133558665,1.0,0.6759706010688078,RAS-ASSOCIATING DOMAIN CONTAINING PROTEIN
PTHR24392,0.892409900806037,0.2638473615263847,1.0,0.577773859132917,ZINC FINGER PROTEIN
PTHR23147,1.6257871428085169,9.99990000099999e-06,0.007829921700782993,0.000489370106298937,SERINE/ARGININE RICH SPLICING FACTOR
PTHR21669,1.07731073079736,0.5380446195538044,1.0,0.8033797947734809,CAPZ-INTERACTING PROTEIN AND RELATED PROTEINS
PTHR12300,1.132798870549624,0.17236827631723683,1.0,0.4381959751831053,HVA22-LIKE PROTEINS
PTHR11669,1.2973086478540012,0.003869961300386996,1.0,0.04094837430004078,REPLICATION FACTOR C / DNA POLYMERASE III GAMMA-TAU SUBUNIT
PTHR12619,1.0720551205562978,0.4621953780462195,1.0,0.7588129779079567,RFX TRANSCRIPTION FACTOR FAMILY
PTHR10845,1.0104047436141874,0.9603003969960301,1.0,0.9883888956386027,REGULATOR OF G PROTEIN SIGNALING
PTHR45746,1.0076019457269667,0.9601003989960101,1.0,0.9883888956386027,LP21163P
PTHR16056,1.0933764898334368,0.35654643453565465,1.0,0.6759706010688078,UNCHARACTERIZED
PTHR22765,1.5608051392604358,9.99990000099999e-06,0.007829921700782993,0.000489370106298937,RING FINGER AND PROTEASE ASSOCIATED DOMAIN-CONTAINING
PTHR25465,1.0315593230430977,0.7843321566784333,1.0,0.9250392134632871,FAMILY NOT NAMED
PTHR24351,0.9812924875546385,0.8141118588814111,1.0,0.9330997124811361,RIBOSOMAL PROTEIN S6 KINASE
PTHR21600,0.9226760151526608,0.4158058419415806,1.0,0.7299909736328646,MITOCHONDRIAL RNA PSEUDOURIDINE SYNTHASE
PTHR11259,1.1430290293841991,0.13403865961340386,1.0,0.3816446199174372,RAS-RELATED GTP BINDING RAG/GTR YEAST
PTHR23233,0.9320402959232664,0.3781162188378116,1.0,0.6974328144042503,SAL-LIKE PROTEIN
PTHR10687,1.0413943217837358,0.7021029789702103,1.0,0.8866881169897979,SECRETORY CARRIER-ASSOCIATED MEMBRANE PROTEIN  SCAMP
PTHR11679,1.1260377820854444,0.21481785182148178,1.0,0.506633668603073,VESICLE PROTEIN SORTING-ASSOCIATED
PTHR10915,1.0032635864104185,0.991760082399176,1.0,0.9968293393989137,SYNDECAN
PTHR23324,1.108274204645824,0.3830461695383046,1.0,0.7007596980104965,SEC14 RELATED PROTEIN
PTHR13803,0.8527983849195526,0.11009889901100989,1.0,0.33029669703302966,SEC24-RELATED PROTEIN
PTHR11036,1.263050613879163,0.014249857501424986,1.0,0.0921129813092113,SEMAPHORIN
PTHR12606,0.970368201429086,0.7356626433735662,1.0,0.900697914895851,SENTRIN/SUMO-SPECIFIC PROTEASE
PTHR18884,1.502727223302173,1.999980000199998e-05,0.015339846601533987,0.0007829921700782993,SEPTIN
PTHR10383,1.4198718882881645,0.00011999880001199988,0.09035909640903592,0.0028472442548301787,SERINE INCORPORATOR
PTHR18860,1.406642105742799,0.00015999840001599985,0.11967880321196789,0.003385912086825078,14-3-3 PROTEIN
PTHR11153,1.1907823047711923,0.03879961200387996,1.0,0.1766284662734768,SIDEROFLEXIN
PTHR12232,1.1947807011829739,0.02135978640213598,1.0,0.12032167448109692,SH3 DOMAIN-BINDING GLUTAMIC ACID-RICH-LIKE PROTEIN
PTHR31395,1.1590734204176307,0.04938950610493895,1.0,0.20570203872429363,SHISA
PTHR15012,0.9453267856973414,0.5204747952520474,1.0,0.7989712918404798,APICAL PROTEIN/SHROOM-RELATED
PTHR19971,0.9881777800757274,0.8658713412865872,1.0,0.9545476214242066,SIGNAL-REGULATORY PROTEIN BETA
PTHR11827,1.0175795190949464,0.8692113078869211,1.0,0.9545476214242066,"SOLUTE CARRIER FAMILY 12, CATION COTRANSPORTERS"
PTHR11360,1.1580116453723548,0.12989870101298986,1.0,0.3725666040042896,MONOCARBOXYLATE TRANSPORTER
PTHR11662,1.1422872445545964,0.021719782802171978,1.0,0.12147564238643328,SOLUTE CARRIER FAMILY 17
PTHR11958,0.8233712404459698,0.04153958460415396,1.0,0.1837598573166811,SODIUM/DICARBOXYLATE SYMPORTER-RELATED
PTHR24064,0.9508795882481905,0.5664843351566484,1.0,0.8218378444681357,SOLUTE CARRIER FAMILY 22 MEMBER
PTHR10846,0.9861419277731155,0.8656513434865651,1.0,0.9545476214242066,SODIUM/POTASSIUM/CALCIUM EXCHANGER
PTHR45618,1.041354566015128,0.6662133378666213,1.0,0.8653489458482899,MITOCHONDRIAL DICARBOXYLATE CARRIER-RELATED
PTHR45678,1.1165071117630914,0.27555724442755575,1.0,0.5940443609262537,MITOCHONDRIAL 2-OXODICARBOXYLATE CARRIER 1-RELATED
PTHR45624,0.9894438591865451,0.8822911770882291,1.0,0.9581608760888812,MITOCHONDRIAL BASIC AMINO ACIDS TRANSPORTER-RELATED
PTHR24089,0.998672279057155,0.951280487195128,1.0,0.9852547903092397,SOLUTE CARRIER FAMILY 25
PTHR11814,0.9258657327675353,0.44328556714432854,1.0,0.7496306286937131,SULFATE TRANSPORTER
PTHR43107,1.0364219488226272,0.7263827361726383,1.0,0.8991050847785361,LONG-CHAIN FATTY ACID TRANSPORT PROTEIN
PTHR10332,1.0579086141665899,0.5848041519584805,1.0,0.8311306417621743,EQUILIBRATIVE NUCLEOSIDE TRANSPORTER
PTHR23503,1.073384260770163,0.48506514934850653,1.0,0.7738705505001976,FAMILY NOT NAMED
PTHR11562,1.0480421931110129,0.6124938750612494,1.0,0.8430623506264938,CATION EFFLUX PROTEIN/ ZINC TRANSPORTER
PTHR10231,1.1191417887509074,0.2626773732262677,1.0,0.5777426495397967,NUCLEOTIDE-SUGAR TRANSMEMBRANE TRANSPORTER
PTHR10778,0.9840531823113778,0.8284817151828482,1.0,0.9347279293777668,SOLUTE CARRIER FAMILY 35 MEMBER B
PTHR11132,0.8989121204999544,0.2880671193288067,1.0,0.6079691494190178,SOLUTE CARRIER FAMILY 35
PTHR22911,0.9828513628385566,0.7787422125778742,1.0,0.922473755595273,ACYL-MALONYL CONDENSING ENZYME-RELATED
PTHR22950,1.1290455203887333,0.26416735832641675,1.0,0.577773859132917,AMINO ACID TRANSPORTER
PTHR11040,1.308609985280121,0.00011999880001199988,0.09035909640903592,0.0028472442548301787,ZINC/IRON TRANSPORTER
PTHR12191,1.229037266788044,0.02925970740292597,1.0,0.14780871546123248,SOLUTE CARRIER FAMILY 39
PTHR12385,1.0249754492258427,0.8067819321806782,1.0,0.9330997124811361,CHOLINE TRANSPORTER-LIKE (SLC FAMILY 44)
PTHR11453,0.9793606785443127,0.8172418275817241,1.0,0.9330997124811361,ANION EXCHANGE PROTEIN
PTHR11616,1.1772067245769033,0.10177898221017789,1.0,0.3149918698441474,SODIUM/CHLORIDE DEPENDENT TRANSPORTER
PTHR11785,0.7863631319275802,0.027579724202757974,1.0,0.14493237617959392,AMINO ACID TRANSPORTER
PTHR10110,1.108261920908206,0.32899671003289965,1.0,0.660617102268875,SODIUM/HYDROGEN EXCHANGER
PTHR11388,1.2282636063741617,0.2851271487285127,1.0,0.6066699930826779,ORGANIC ANION TRANSPORTER
PTHR12155,0.9584886705825033,0.6916030839691603,1.0,0.8825367446651267,SCHLAFEN
PTHR45773,0.8293464628434492,0.14208857911420886,1.0,0.393710062899371,SLIT AND NTRK-LIKE PROTEIN 4-RELATED
PTHR13703,1.0558936666468435,0.5719142808571914,1.0,0.824694073501254,SMAD
PTHR10799,1.1043887492308695,0.31241687583124167,1.0,0.6370375358746413,SNF2/RAD54 HELICASE FAMILY
PTHR34446,0.9928761542822441,0.9080609193908061,1.0,0.9660485052758169,SMALL INTEGRAL MEMBRANE PROTEIN 10
PTHR19305,1.1784220183371776,0.06855931440685593,1.0,0.24489859646858075,SYNAPTOSOMAL ASSOCIATED PROTEIN
PTHR10554,1.1554430621673717,0.11428885711142889,1.0,0.3376912268613163,SYNTROPHIN
PTHR22775,1.025759356661637,0.8083419165808342,1.0,0.9330997124811361,SORTING NEXIN
PTHR12106,1.2266531786327934,0.008049919500804992,1.0,0.06498027803227123,SORTILIN RELATED
PTHR10270,1.0235697227773644,0.8161718382816172,1.0,0.9330997124811361,SOX TRANSCRIPTION FACTOR
PTHR46386,1.0232425455601566,0.8275417245827542,1.0,0.9347279293777668,NUCLEAR BODY PROTEIN SP140
PTHR12911,1.2423588592244816,0.011869881301186987,1.0,0.0829831880252626,SAD1/UNC-84-LIKE PROTEIN-RELATED
PTHR13866,1.2266280064642574,0.01959980400195998,1.0,0.11201931776302675,SPARC  OSTEONECTIN
PTHR31156,1.0002574039982612,0.998550014499855,1.0,0.998550014499855,WBSCR19-LIKE PROTEIN
PTHR10405,0.9740263117235344,0.7454925450745492,1.0,0.9049932756486389,SPINDLIN
PTHR12365,1.0072671175910861,0.967350326496735,1.0,0.989793621544304,SPROUTY
PTHR13713,1.0235827028068485,0.8338416615833841,1.0,0.9367259985936726,SIALYLTRANSFERASE
PTHR11987,1.0334858068945705,0.8489015109848902,1.0,0.9455048123771964,"ALPHA-2,8-SIALYLTRANSFERASE"
PTHR11199,0.9013836316469505,0.3045769542304577,1.0,0.6309094051916624,STROMAL ANTIGEN
PTHR11801,1.0875309792459489,0.37303626963730363,1.0,0.695446188395259,SIGNAL TRANSDUCER AND ACTIVATOR OF TRANSCRIPTION
PTHR14239,1.0625403589868807,0.4550154498455015,1.0,0.7564269580234134,DUDULIN-RELATED
PTHR22961,0.9824919592267426,0.8082519174808251,1.0,0.9330997124811361,SER/THR PROTEIN KINASE-TRB
PTHR10104,0.9188963102841674,0.2875171248287517,1.0,0.6079691494190178,STATHMIN
PTHR19957,1.1015603273127328,0.3867661323386766,1.0,0.7059158079747875,SYNTAXIN
PTHR11783,0.9279737473366603,0.43521564784352157,1.0,0.7424608106860109,SULFOTRANSFERASE  SULT
PTHR10562,1.4236828646698283,2.999970000299997e-05,0.02288977110228898,0.001067716595561317,SMALL UBIQUITIN-RELATED MODIFIER
PTHR10024,0.8020505722085544,0.06857931420685794,1.0,0.24489859646858075,SYNAPTOTAGMIN
PTHR45716,0.7564160441585156,0.005759942400575994,1.0,0.05210947890521095,"BITESIZE, ISOFORM I"
PTHR11394,0.6869538131052738,0.1085289147108529,1.0,0.32683900084076084,TASTE RECEPTOR TYPE 2
PTHR14754,0.8932574978494451,0.2769172308276917,1.0,0.5940443609262537,TRANSCRIPTION ELONGATION FACTOR A
PTHR11219,0.9533692915170279,0.5581744182558175,1.0,0.8153928535341514,TENEURIN AND N-ACETYLGLUCOSAMINE-1-PHOSPHODIESTER ALPHA-N-ACETYLGLUCOSAMINIDASE
PTHR22811,1.8293322415520807,9.99990000099999e-06,0.007829921700782993,0.000489370106298937,TRANSMEMBRANE EMP24 DOMAIN-CONTAINING PROTEIN
PTHR11844,1.1464215403592772,0.17971820281797182,1.0,0.446852388618971,METALLOPROTEASE INHIBITOR
PTHR10814,1.2636046196255657,0.006509934900650993,1.0,0.05540520681749704,TRANSDUCIN-LIKE ENHANCER PROTEIN
PTHR24365,1.2217735926116509,0.23861761382386176,1.0,0.5463087474388414,TOLL-LIKE RECEPTOR
PTHR10766,1.3367246263119994,0.0006399936000639994,0.46975530244697555,0.01002229977700223,TRANSMEMBRANE 9 SUPERFAMILY PROTEIN
PTHR23302,0.9527344756939133,0.6867031329686704,1.0,0.8808085241569843,TRANSMEMBRANE CHANNEL-RELATED
PTHR10760,1.2668137589039126,0.006159938400615994,1.0,0.05480945190548094,TORSIN
PTHR19269,1.275195946579384,0.0024499755002449974,1.0,0.02780189589408454,TROPOMYOSIN
PTHR10131,1.1428183773804932,0.2024979750202498,1.0,0.486367835708146,TNF RECEPTOR ASSOCIATED FACTOR
PTHR13800,1.0742080229958542,0.5165648343516565,1.0,0.7989712918404798,"TRANSIENT RECEPTOR POTENTIAL CATION CHANNEL, SUBFAMILY M, MEMBER 6"
PTHR10582,1.097823726786655,0.48025519744802553,1.0,0.7738705505001976,TRANSIENT RECEPTOR POTENTIAL ION CHANNEL PROTEIN
PTHR12241,1.0820553491088878,0.4442255577444226,1.0,0.7496306286937131,TUBULIN POLYGLUTAMYLASE
PTHR16517,1.2327144957813474,0.01013989860101399,1.0,0.07504906083014641,TUBBY-RELATED
PTHR11588,1.6225378320001962,9.99990000099999e-06,0.007829921700782993,0.000489370106298937,TUBULIN
PTHR19302,1.02763564340661,0.7959220407795922,1.0,0.9315500118541415,GAMMA TUBULIN COMPLEX PROTEIN
PTHR10677,1.2212255804962182,0.017139828601713984,1.0,0.10339055700352087,UBIQUILIN
PTHR24006,1.2323009409652266,0.03087969120308797,1.0,0.1523633820265571,UBIQUITIN CARBOXYL-TERMINAL HYDROLASE
PTHR45701,1.0543752653377914,0.5100648993510065,1.0,0.7945891714045085,SYNAPTOBREVIN FAMILY MEMBER
PTHR24379,1.1080317566930233,0.5571444285557144,1.0,0.8153928535341514,KRAB AND ZINC FINGER DOMAIN-CONTAINING
PTHR13678,1.032360237990157,0.8547414525854742,1.0,0.9490286541893789,WILLIAMS-BEUREN SYNDROME CRITICAL REGION PROTEIN-RELATED
PTHR23202,0.8775601857171518,0.12138878611213888,1.0,0.3546545504694207,WASP INTERACTING PROTEIN-RELATED
PTHR11227,1.1946108758020324,0.04204957950420496,1.0,0.18393754609939933,WD-REPEAT PROTEIN INTERACTING WITH PHOSPHOINOSIDES  WIPI -RELATED
PTHR12027,0.9749582076535246,0.8212617873821262,1.0,0.9330997124811361,WNT RELATED
PTHR16024,0.9925922490890176,0.9074909250907491,1.0,0.9660485052758169,XK-RELATED PROTEIN
PTHR21236,1.033006814564488,0.7628223717762822,1.0,0.9188389097704116,GOLGI MEMBRANE PROTEIN YIP1
PTHR13848,0.9605834973706229,0.6200437995620044,1.0,0.8430623506264938,PROTEIN YIPPEE-LIKE CG15309-RELATED
PTHR12357,1.2729928221820492,0.006459935400645994,1.0,0.05540520681749704,YTH  YT521-B HOMOLOGY  DOMAIN-CONTAINING
PTHR24414,1.093155164270878,0.3329466705332947,1.0,0.6609165726524552,F-BOX/KELCH-REPEAT PROTEIN SKIP4
PTHR22883,1.2308321242846099,0.02896971030289697,1.0,0.14780871546123248,ZINC FINGER DHHC DOMAIN CONTAINING PROTEIN
PTHR24377,1.34429054124574,0.41307586924130757,1.0,0.728464877513387,IP01015P-RELATED
PTHR24376,1.1279827279524839,0.6003639963600363,1.0,0.8409391934703193,ZINC FINGER PROTEIN
PTHR22619,1.1453641459344368,0.16476835231647682,1.0,0.4262526681663877,"ZINC FINGER SWIM DOMAIN CONTAINING PROTEIN 4, 5, 6"
